iso3c,country,year,indicator,value
CHN,China,1995,NE.TRD.GNFS.ZS,34.1049521589323
CHN,China,1995,NY.GDP.MKTP.CD,738190896227.55
CHN,China,1995,NE.EXP.GNFS.ZS,17.8624291729756
CHN,China,1995,NE.IMP.GNFS.ZS,16.2425229859567
CHN,China,1996,NE.TRD.GNFS.ZS,33.6287512313005
CHN,China,1996,NY.GDP.MKTP.CD,868523936530.083
CHN,China,1996,NE.EXP.GNFS.ZS,17.8247104643429
CHN,China,1996,NE.IMP.GNFS.ZS,15.8040407669576
CHN,China,1997,NE.TRD.GNFS.ZS,34.3135763220021
CHN,China,1997,NY.GDP.MKTP.CD,967753570434.667
CHN,China,1997,NE.EXP.GNFS.ZS,19.3692945938508
CHN,China,1997,NE.IMP.GNFS.ZS,14.9442817281513
CHN,China,1998,NE.TRD.GNFS.ZS,32.1717399357488
CHN,China,1998,NY.GDP.MKTP.CD,1037134141760.35
CHN,China,1998,NE.EXP.GNFS.ZS,18.1992267514817
CHN,China,1998,NE.IMP.GNFS.ZS,13.9725131842671
CHN,China,1999,NE.TRD.GNFS.ZS,33.2255380760054
CHN,China,1999,NY.GDP.MKTP.CD,1103843203575.64
CHN,China,1999,NE.EXP.GNFS.ZS,18.0006905864312
CHN,China,1999,NE.IMP.GNFS.ZS,15.2248474895742
CHN,China,2000,NE.TRD.GNFS.ZS,39.0109424774998
CHN,China,2000,NY.GDP.MKTP.CD,1223754919971.05
CHN,China,2000,NE.EXP.GNFS.ZS,20.681599363293
CHN,China,2000,NE.IMP.GNFS.ZS,18.3293431142068
CHN,China,2001,NE.TRD.GNFS.ZS,38.0826469518334
CHN,China,2001,NY.GDP.MKTP.CD,1355036590251.52
CHN,China,2001,NE.EXP.GNFS.ZS,20.0776873829946
CHN,China,2001,NE.IMP.GNFS.ZS,18.0049595688389
CHN,China,2002,NE.TRD.GNFS.ZS,42.1944423387413
CHN,China,2002,NY.GDP.MKTP.CD,1489821682050.54
CHN,China,2002,NE.EXP.GNFS.ZS,22.3518233715808
CHN,China,2002,NE.IMP.GNFS.ZS,19.8426189671605
CHN,China,2003,NE.TRD.GNFS.ZS,51.0774801301803
CHN,China,2003,NY.GDP.MKTP.CD,1683903309843.85
CHN,China,2003,NE.EXP.GNFS.ZS,26.6023738514511
CHN,China,2003,NE.IMP.GNFS.ZS,24.4751062787292
CHN,China,2004,NE.TRD.GNFS.ZS,58.640334040843904
CHN,China,2004,NY.GDP.MKTP.CD,1984196551300.44
CHN,China,2004,NE.EXP.GNFS.ZS,30.6097162464404
CHN,China,2004,NE.IMP.GNFS.ZS,28.0306177944035
CHN,China,2005,NE.TRD.GNFS.ZS,61.3600749408237
CHN,China,2005,NY.GDP.MKTP.CD,2317551298052.05
CHN,China,2005,NE.EXP.GNFS.ZS,33.3687977498922
CHN,China,2005,NE.IMP.GNFS.ZS,27.9912771909315
CHN,China,2006,NE.TRD.GNFS.ZS,63.5695798621627
CHN,China,2006,NY.GDP.MKTP.CD,2791498472804.33
CHN,China,2006,NE.EXP.GNFS.ZS,35.5268468681701
CHN,China,2006,NE.IMP.GNFS.ZS,28.0427329939926
CHN,China,2007,NE.TRD.GNFS.ZS,61.2664640006176
CHN,China,2007,NY.GDP.MKTP.CD,3604055822571.63
CHN,China,2007,NE.EXP.GNFS.ZS,34.9066956194649
CHN,China,2007,NE.IMP.GNFS.ZS,26.3597683811527
CHN,China,2008,NE.TRD.GNFS.ZS,56.7111330003209
CHN,China,2008,NY.GDP.MKTP.CD,4667346414521.95
CHN,China,2008,NE.EXP.GNFS.ZS,32.092513602143
CHN,China,2008,NE.IMP.GNFS.ZS,24.6186193981779
CHN,China,2009,NE.TRD.GNFS.ZS,44.4197644331119
CHN,China,2009,NY.GDP.MKTP.CD,5189577094997.58
CHN,China,2009,NE.EXP.GNFS.ZS,24.3307718125403
CHN,China,2009,NE.IMP.GNFS.ZS,20.0889926205716
CHN,China,2010,NE.TRD.GNFS.ZS,49.8540722338977
CHN,China,2010,NY.GDP.MKTP.CD,6192564874453.29
CHN,China,2010,NE.EXP.GNFS.ZS,26.7227451502469
CHN,China,2010,NE.IMP.GNFS.ZS,23.1313270836509
CHN,China,2011,NE.TRD.GNFS.ZS,49.9458272253643
CHN,China,2011,NY.GDP.MKTP.CD,7671757207851.29
CHN,China,2011,NE.EXP.GNFS.ZS,26.1518828948759
CHN,China,2011,NE.IMP.GNFS.ZS,23.7939443304884
CHN,China,2012,NE.TRD.GNFS.ZS,47.4802130784317
CHN,China,2012,NY.GDP.MKTP.CD,8673664713189.24
CHN,China,2012,NE.EXP.GNFS.ZS,25.07670432956
CHN,China,2012,NE.IMP.GNFS.ZS,22.4035087488717
CHN,China,2013,NE.TRD.GNFS.ZS,45.9160413795571
CHN,China,2013,NY.GDP.MKTP.CD,9743124247267.24
CHN,China,2013,NE.EXP.GNFS.ZS,24.1633430905854
CHN,China,2013,NE.IMP.GNFS.ZS,21.7526982889717
CHN,China,2014,NE.TRD.GNFS.ZS,44.0684564812532
CHN,China,2014,NY.GDP.MKTP.CD,10674533168257.4
CHN,China,2014,NE.EXP.GNFS.ZS,23.0719766947263
CHN,China,2014,NE.IMP.GNFS.ZS,20.9964797865269
CHN,China,2015,NE.TRD.GNFS.ZS,38.6971848362625
CHN,China,2015,NY.GDP.MKTP.CD,11280814787468.9
CHN,China,2015,NE.EXP.GNFS.ZS,20.9390642234326
CHN,China,2015,NE.IMP.GNFS.ZS,17.7581206128298
CHN,China,2016,NE.TRD.GNFS.ZS,36.177170692978
CHN,China,2016,NY.GDP.MKTP.CD,11456024084962
CHN,China,2016,NE.EXP.GNFS.ZS,19.2036507365412
CHN,China,2016,NE.IMP.GNFS.ZS,16.9735199564368
CHN,China,2017,NE.TRD.GNFS.ZS,36.95085261586
CHN,China,2017,NY.GDP.MKTP.CD,12537559062282.9
CHN,China,2017,NE.EXP.GNFS.ZS,19.3356301657728
CHN,China,2017,NE.IMP.GNFS.ZS,17.6152224500872
CHN,China,2018,NE.TRD.GNFS.ZS,36.8943843914718
CHN,China,2018,NY.GDP.MKTP.CD,14147765772963.8
CHN,China,2018,NE.EXP.GNFS.ZS,18.770519802938
CHN,China,2018,NE.IMP.GNFS.ZS,18.1238645885338
CHN,China,2019,NE.TRD.GNFS.ZS,35.1994202738836
CHN,China,2019,NY.GDP.MKTP.CD,14560167101283.4
CHN,China,2019,NE.EXP.GNFS.ZS,18.0557069597496
CHN,China,2019,NE.IMP.GNFS.ZS,17.1437133141341
CHN,China,2020,NE.TRD.GNFS.ZS,34.0389507864581
CHN,China,2020,NY.GDP.MKTP.CD,14996414166715.1
CHN,China,2020,NE.EXP.GNFS.ZS,18.2035821684822
CHN,China,2020,NE.IMP.GNFS.ZS,15.8353686179759
CHN,China,2021,NE.TRD.GNFS.ZS,36.5206911762676
CHN,China,2021,NY.GDP.MKTP.CD,18201698719564
CHN,China,2021,NE.EXP.GNFS.ZS,19.5262422245091
CHN,China,2021,NE.IMP.GNFS.ZS,16.9944489517585
CHN,China,2022,NE.TRD.GNFS.ZS,37.440719876366
CHN,China,2022,NY.GDP.MKTP.CD,18316765021690.2
CHN,China,2022,NE.EXP.GNFS.ZS,20.2977316914005
CHN,China,2022,NE.IMP.GNFS.ZS,17.1429881849654
CHN,China,2023,NE.TRD.GNFS.ZS,36.1051923691138
CHN,China,2023,NY.GDP.MKTP.CD,18270356654533.2
CHN,China,2023,NE.EXP.GNFS.ZS,19.102471716101
CHN,China,2023,NE.IMP.GNFS.ZS,17.0027206530128
CHN,China,2024,NE.TRD.GNFS.ZS,37.1984201388065
CHN,China,2024,NY.GDP.MKTP.CD,18743803170827.2
CHN,China,2024,NE.EXP.GNFS.ZS,20.0229166362049
CHN,China,2024,NE.IMP.GNFS.ZS,17.1755035026016
EUU,European Union,1995,NE.TRD.GNFS.ZS,57.0668618668377
EUU,European Union,1995,NY.GDP.MKTP.CD,8298352822403.7
EUU,European Union,1995,NE.EXP.GNFS.ZS,28.340226844132
EUU,European Union,1995,NE.IMP.GNFS.ZS,26.6006919860528
EUU,European Union,1996,NE.TRD.GNFS.ZS,57.8181238406321
EUU,European Union,1996,NY.GDP.MKTP.CD,8433614719069.7
EUU,European Union,1996,NE.EXP.GNFS.ZS,28.671287942362
EUU,European Union,1996,NE.IMP.GNFS.ZS,26.7778589289021
EUU,European Union,1997,NE.TRD.GNFS.ZS,61.9223662101429
EUU,European Union,1997,NY.GDP.MKTP.CD,7735885029565.07
EUU,European Union,1997,NE.EXP.GNFS.ZS,30.9557835161905
EUU,European Union,1997,NE.IMP.GNFS.ZS,28.7594336524572
EUU,European Union,1998,NE.TRD.GNFS.ZS,63.2476873258016
EUU,European Union,1998,NY.GDP.MKTP.CD,7970103042535.26
EUU,European Union,1998,NE.EXP.GNFS.ZS,31.5575013252945
EUU,European Union,1998,NE.IMP.GNFS.ZS,29.6892284571527
EUU,European Union,1999,NE.TRD.GNFS.ZS,64.0297642840496
EUU,European Union,1999,NY.GDP.MKTP.CD,7936107808460.76
EUU,European Union,1999,NE.EXP.GNFS.ZS,31.8787206257981
EUU,European Union,1999,NE.IMP.GNFS.ZS,30.4744207305643
EUU,European Union,2000,NE.TRD.GNFS.ZS,71.5705362040384
EUU,European Union,2000,NY.GDP.MKTP.CD,7288481048952.25
EUU,European Union,2000,NE.EXP.GNFS.ZS,35.5948367103463
EUU,European Union,2000,NE.IMP.GNFS.ZS,34.7017054068626
EUU,European Union,2001,NE.TRD.GNFS.ZS,70.7299712766562
EUU,European Union,2001,NY.GDP.MKTP.CD,7407615944962.45
EUU,European Union,2001,NE.EXP.GNFS.ZS,35.557770118378
EUU,European Union,2001,NE.IMP.GNFS.ZS,34.0048286367827
EUU,European Union,2002,NE.TRD.GNFS.ZS,68.4361613375131
EUU,European Union,2002,NY.GDP.MKTP.CD,8100430284893.67
EUU,European Union,2002,NE.EXP.GNFS.ZS,34.9381903409223
EUU,European Union,2002,NE.IMP.GNFS.ZS,32.5387626248302
EUU,European Union,2003,NE.TRD.GNFS.ZS,67.3582061795863
EUU,European Union,2003,NY.GDP.MKTP.CD,9956860723577.65
EUU,European Union,2003,NE.EXP.GNFS.ZS,34.1298460360941
EUU,European Union,2003,NE.IMP.GNFS.ZS,32.168410927369
EUU,European Union,2004,NE.TRD.GNFS.ZS,70.3968764065819
EUU,European Union,2004,NY.GDP.MKTP.CD,11449101966447.2
EUU,European Union,2004,NE.EXP.GNFS.ZS,35.7227251577535
EUU,European Union,2004,NE.IMP.GNFS.ZS,33.5928201616234
EUU,European Union,2005,NE.TRD.GNFS.ZS,73.5521063042338
EUU,European Union,2005,NY.GDP.MKTP.CD,11954349375612
EUU,European Union,2005,NE.EXP.GNFS.ZS,37.1284882977431
EUU,European Union,2005,NE.IMP.GNFS.ZS,35.492999345943
EUU,European Union,2006,NE.TRD.GNFS.ZS,77.9839957210495
EUU,European Union,2006,NY.GDP.MKTP.CD,12768357074578.4
EUU,European Union,2006,NE.EXP.GNFS.ZS,39.1925247271076
EUU,European Union,2006,NE.IMP.GNFS.ZS,37.9320318355495
EUU,European Union,2007,NE.TRD.GNFS.ZS,79.7970825624113
EUU,European Union,2007,NY.GDP.MKTP.CD,14789471689508
EUU,European Union,2007,NE.EXP.GNFS.ZS,40.2327564975145
EUU,European Union,2007,NE.IMP.GNFS.ZS,38.9405067804254
EUU,European Union,2008,NE.TRD.GNFS.ZS,80.7845229076774
EUU,European Union,2008,NY.GDP.MKTP.CD,16364455236166.7
EUU,European Union,2008,NE.EXP.GNFS.ZS,40.5690618716098
EUU,European Union,2008,NE.IMP.GNFS.ZS,39.6457196101207
EUU,European Union,2009,NE.TRD.GNFS.ZS,70.5061117229528
EUU,European Union,2009,NY.GDP.MKTP.CD,14844813523140
EUU,European Union,2009,NE.EXP.GNFS.ZS,35.7461589139884
EUU,European Union,2009,NE.IMP.GNFS.ZS,34.023319278398
EUU,European Union,2010,NE.TRD.GNFS.ZS,78.282201525606
EUU,European Union,2010,NY.GDP.MKTP.CD,14641773544950.6
EUU,European Union,2010,NE.EXP.GNFS.ZS,39.6884203223861
EUU,European Union,2010,NE.IMP.GNFS.ZS,38.0576637459347
EUU,European Union,2011,NE.TRD.GNFS.ZS,83.4716468978193
EUU,European Union,2011,NY.GDP.MKTP.CD,15874713437636.1
EUU,European Union,2011,NE.EXP.GNFS.ZS,42.4555722785149
EUU,European Union,2011,NE.IMP.GNFS.ZS,40.7153505742476
EUU,European Union,2012,NE.TRD.GNFS.ZS,85.0872994138992
EUU,European Union,2012,NY.GDP.MKTP.CD,14731876146120.7
EUU,European Union,2012,NE.EXP.GNFS.ZS,44.0064072724439
EUU,European Union,2012,NE.IMP.GNFS.ZS,41.1149652994655
EUU,European Union,2013,NE.TRD.GNFS.ZS,84.7802544688451
EUU,European Union,2013,NY.GDP.MKTP.CD,15398507628838.6
EUU,European Union,2013,NE.EXP.GNFS.ZS,44.2880086199626
EUU,European Union,2013,NE.IMP.GNFS.ZS,40.7465147499604
EUU,European Union,2014,NE.TRD.GNFS.ZS,85.494561926335
EUU,European Union,2014,NY.GDP.MKTP.CD,15763596442222.6
EUU,European Union,2014,NE.EXP.GNFS.ZS,44.9094114138478
EUU,European Union,2014,NE.IMP.GNFS.ZS,41.1283869428182
EUU,European Union,2015,NE.TRD.GNFS.ZS,86.6784748227273
EUU,European Union,2015,NY.GDP.MKTP.CD,13656252620703.3
EUU,European Union,2015,NE.EXP.GNFS.ZS,46.2609007026953
EUU,European Union,2015,NE.IMP.GNFS.ZS,41.8865481304006
EUU,European Union,2016,NE.TRD.GNFS.ZS,85.784351990334
EUU,European Union,2016,NY.GDP.MKTP.CD,13988147697216.6
EUU,European Union,2016,NE.EXP.GNFS.ZS,45.9061530109995
EUU,European Union,2016,NE.IMP.GNFS.ZS,41.5024424856013
EUU,European Union,2017,NE.TRD.GNFS.ZS,88.7153567222581
EUU,European Union,2017,NY.GDP.MKTP.CD,14871313684625.8
EUU,European Union,2017,NE.EXP.GNFS.ZS,47.4989943162878
EUU,European Union,2017,NE.IMP.GNFS.ZS,43.2580576310514
EUU,European Union,2018,NE.TRD.GNFS.ZS,90.4287944304584
EUU,European Union,2018,NY.GDP.MKTP.CD,16092403309151.5
EUU,European Union,2018,NE.EXP.GNFS.ZS,48.2834700413619
EUU,European Union,2018,NE.IMP.GNFS.ZS,44.5363380648569
EUU,European Union,2019,NE.TRD.GNFS.ZS,90.5535185606555
EUU,European Union,2019,NY.GDP.MKTP.CD,15809073096211.4
EUU,European Union,2019,NE.EXP.GNFS.ZS,48.6059848716205
EUU,European Union,2019,NE.IMP.GNFS.ZS,45.1389587990542
EUU,European Union,2020,NE.TRD.GNFS.ZS,83.8178454761989
EUU,European Union,2020,NY.GDP.MKTP.CD,15504055464107.4
EUU,European Union,2020,NE.EXP.GNFS.ZS,45.84358291811
EUU,European Union,2020,NE.IMP.GNFS.ZS,42.2211112559169
EUU,European Union,2021,NE.TRD.GNFS.ZS,91.2031115580478
EUU,European Union,2021,NY.GDP.MKTP.CD,17495226733585.2
EUU,European Union,2021,NE.EXP.GNFS.ZS,49.7171734036019
EUU,European Union,2021,NE.IMP.GNFS.ZS,45.9111695217878
EUU,European Union,2022,NE.TRD.GNFS.ZS,103.706433693426
EUU,European Union,2022,NY.GDP.MKTP.CD,17023612496380.4
EUU,European Union,2022,NE.EXP.GNFS.ZS,55.2991038089162
EUU,European Union,2022,NE.IMP.GNFS.ZS,53.4340037524543
EUU,European Union,2023,NE.TRD.GNFS.ZS,95.2160371763138
EUU,European Union,2023,NY.GDP.MKTP.CD,18659133072074.8
EUU,European Union,2023,NE.EXP.GNFS.ZS,51.7572641294983
EUU,European Union,2023,NE.IMP.GNFS.ZS,48.1098975724128
EUU,European Union,2024,NE.TRD.GNFS.ZS,91.6513434875625
EUU,European Union,2024,NY.GDP.MKTP.CD,19497115588443.6
EUU,European Union,2024,NE.EXP.GNFS.ZS,50.3717456467283
EUU,European Union,2024,NE.IMP.GNFS.ZS,46.115445337685
FRA,France,1995,NE.TRD.GNFS.ZS,45.4316616938638
FRA,France,1995,NY.GDP.MKTP.CD,1595219345511.89
FRA,France,1995,NE.EXP.GNFS.ZS,23.6896549224157
FRA,France,1995,NE.IMP.GNFS.ZS,21.7420067714481
FRA,France,1996,NE.TRD.GNFS.ZS,46.1124801589641
FRA,France,1996,NY.GDP.MKTP.CD,1598889216566.23
FRA,France,1996,NE.EXP.GNFS.ZS,24.123002754589
FRA,France,1996,NE.IMP.GNFS.ZS,21.9894774043751
FRA,France,1997,NE.TRD.GNFS.ZS,49.803453474736
FRA,France,1997,NY.GDP.MKTP.CD,1449392222971.45
FRA,France,1997,NE.EXP.GNFS.ZS,26.6303250476944
FRA,France,1997,NE.IMP.GNFS.ZS,23.1731284270416
FRA,France,1998,NE.TRD.GNFS.ZS,51.4214328030771
FRA,France,1998,NY.GDP.MKTP.CD,1496906382032.47
FRA,France,1998,NE.EXP.GNFS.ZS,27.2527671033937
FRA,France,1998,NE.IMP.GNFS.ZS,24.1686656996833
FRA,France,1999,NE.TRD.GNFS.ZS,51.6706614638734
FRA,France,1999,NY.GDP.MKTP.CD,1486915879701.93
FRA,France,1999,NE.EXP.GNFS.ZS,27.2069773242695
FRA,France,1999,NE.IMP.GNFS.ZS,24.4636841396038
FRA,France,2000,NE.TRD.GNFS.ZS,57.7860470318197
FRA,France,2000,NY.GDP.MKTP.CD,1360959069477.49
FRA,France,2000,NE.EXP.GNFS.ZS,29.7580489893129
FRA,France,2000,NE.IMP.GNFS.ZS,28.0279980425069
FRA,France,2001,NE.TRD.GNFS.ZS,56.8932328560722
FRA,France,2001,NY.GDP.MKTP.CD,1370376677298.86
FRA,France,2001,NE.EXP.GNFS.ZS,29.4306035099419
FRA,France,2001,NE.IMP.GNFS.ZS,27.4626293461303
FRA,France,2002,NE.TRD.GNFS.ZS,55.1325248503102
FRA,France,2002,NY.GDP.MKTP.CD,1492427756382.43
FRA,France,2002,NE.EXP.GNFS.ZS,28.7307017592768
FRA,France,2002,NE.IMP.GNFS.ZS,26.4018230910334
FRA,France,2003,NE.TRD.GNFS.ZS,52.5988822870657
FRA,France,2003,NY.GDP.MKTP.CD,1835095983049.09
FRA,France,2003,NE.EXP.GNFS.ZS,27.1369676673944
FRA,France,2003,NE.IMP.GNFS.ZS,25.4619146196714
FRA,France,2004,NE.TRD.GNFS.ZS,53.7497648292028
FRA,France,2004,NY.GDP.MKTP.CD,2109792297237.03
FRA,France,2004,NE.EXP.GNFS.ZS,27.5381038597962
FRA,France,2004,NE.IMP.GNFS.ZS,26.2116609694066
FRA,France,2005,NE.TRD.GNFS.ZS,55.8228361241299
FRA,France,2005,NY.GDP.MKTP.CD,2192146403028.17
FRA,France,2005,NE.EXP.GNFS.ZS,28.1635565257399
FRA,France,2005,NE.IMP.GNFS.ZS,27.65927959839
FRA,France,2006,NE.TRD.GNFS.ZS,57.8692775292673
FRA,France,2006,NY.GDP.MKTP.CD,2317861544690.82
FRA,France,2006,NE.EXP.GNFS.ZS,28.9278484836141
FRA,France,2006,NE.IMP.GNFS.ZS,28.9414290456532
FRA,France,2007,NE.TRD.GNFS.ZS,58.1525611309659
FRA,France,2007,NY.GDP.MKTP.CD,2655816911866.56
FRA,France,2007,NE.EXP.GNFS.ZS,28.8585344688926
FRA,France,2007,NE.IMP.GNFS.ZS,29.2940266620733
FRA,France,2008,NE.TRD.GNFS.ZS,59.1797928411748
FRA,France,2008,NY.GDP.MKTP.CD,2926802941585.86
FRA,France,2008,NE.EXP.GNFS.ZS,29.1990596782502
FRA,France,2008,NE.IMP.GNFS.ZS,29.9807331629246
FRA,France,2009,NE.TRD.GNFS.ZS,52.1991123027613
FRA,France,2009,NY.GDP.MKTP.CD,2700075882518.98
FRA,France,2009,NE.EXP.GNFS.ZS,25.8809482311608
FRA,France,2009,NE.IMP.GNFS.ZS,26.3181640716005
FRA,France,2010,NE.TRD.GNFS.ZS,56.587555247796
FRA,France,2010,NY.GDP.MKTP.CD,2646230027988.34
FRA,France,2010,NE.EXP.GNFS.ZS,27.8264880915553
FRA,France,2010,NE.IMP.GNFS.ZS,28.7610671562408
FRA,France,2011,NE.TRD.GNFS.ZS,60.6056354816406
FRA,France,2011,NY.GDP.MKTP.CD,2870408553990.28
FRA,France,2011,NE.EXP.GNFS.ZS,29.538847336075
FRA,France,2011,NE.IMP.GNFS.ZS,31.0667881455656
FRA,France,2012,NE.TRD.GNFS.ZS,61.6589570771102
FRA,France,2012,NY.GDP.MKTP.CD,2683007095787.23
FRA,France,2012,NE.EXP.GNFS.ZS,30.3556786527444
FRA,France,2012,NE.IMP.GNFS.ZS,31.3032784243658
FRA,France,2013,NE.TRD.GNFS.ZS,61.8192338733962
FRA,France,2013,NY.GDP.MKTP.CD,2816077607875.26
FRA,France,2013,NE.EXP.GNFS.ZS,30.5912853427773
FRA,France,2013,NE.IMP.GNFS.ZS,31.2279485306189
FRA,France,2014,NE.TRD.GNFS.ZS,62.1992669379507
FRA,France,2014,NY.GDP.MKTP.CD,2861236112552.42
FRA,France,2014,NE.EXP.GNFS.ZS,30.741812901515
FRA,France,2014,NE.IMP.GNFS.ZS,31.4574540364356
FRA,France,2015,NE.TRD.GNFS.ZS,63.5046871956484
FRA,France,2015,NY.GDP.MKTP.CD,2442483452642.5
FRA,France,2015,NE.EXP.GNFS.ZS,31.6934947262689
FRA,France,2015,NE.IMP.GNFS.ZS,31.8111924693795
FRA,France,2016,NE.TRD.GNFS.ZS,63.3427564383351
FRA,France,2016,NY.GDP.MKTP.CD,2470407619777.13
FRA,France,2016,NE.EXP.GNFS.ZS,31.498210070063
FRA,France,2016,NE.IMP.GNFS.ZS,31.8445463682721
FRA,France,2017,NE.TRD.GNFS.ZS,65.3958481559711
FRA,France,2017,NY.GDP.MKTP.CD,2588868323334.71
FRA,France,2017,NE.EXP.GNFS.ZS,32.311834044929
FRA,France,2017,NE.IMP.GNFS.ZS,33.0840141110421
FRA,France,2018,NE.TRD.GNFS.ZS,66.8022607812266
FRA,France,2018,NY.GDP.MKTP.CD,2781576320884.39
FRA,France,2018,NE.EXP.GNFS.ZS,32.9179818922164
FRA,France,2018,NE.IMP.GNFS.ZS,33.8842788890102
FRA,France,2019,NE.TRD.GNFS.ZS,66.4289771741449
FRA,France,2019,NY.GDP.MKTP.CD,2722793515171.76
FRA,France,2019,NE.EXP.GNFS.ZS,32.8895593910847
FRA,France,2019,NE.IMP.GNFS.ZS,33.5394177830602
FRA,France,2020,NE.TRD.GNFS.ZS,58.8388907240647
FRA,France,2020,NY.GDP.MKTP.CD,2647926055110.05
FRA,France,2020,NE.EXP.GNFS.ZS,28.5572228192655
FRA,France,2020,NE.IMP.GNFS.ZS,30.2816679047993
FRA,France,2021,NE.TRD.GNFS.ZS,63.788482630872
FRA,France,2021,NY.GDP.MKTP.CD,2966433692008.09
FRA,France,2021,NE.EXP.GNFS.ZS,31.2880499332105
FRA,France,2021,NE.IMP.GNFS.ZS,32.5004326976615
FRA,France,2022,NE.TRD.GNFS.ZS,75.9630077981996
FRA,France,2022,NY.GDP.MKTP.CD,2794788137066.94
FRA,France,2022,NE.EXP.GNFS.ZS,36.6160484268785
FRA,France,2022,NE.IMP.GNFS.ZS,39.3469593713211
FRA,France,2023,NE.TRD.GNFS.ZS,70.6261450610225
FRA,France,2023,NY.GDP.MKTP.CD,3056250648138.29
FRA,France,2023,NE.EXP.GNFS.ZS,34.4562568778842
FRA,France,2023,NE.IMP.GNFS.ZS,36.1698881831383
FRA,France,2024,NE.TRD.GNFS.ZS,68.1081875443744
FRA,France,2024,NY.GDP.MKTP.CD,3160442622465.08
FRA,France,2024,NE.EXP.GNFS.ZS,33.8897542343832
FRA,France,2024,NE.IMP.GNFS.ZS,34.2184333099912
DEU,Germany,1995,NE.TRD.GNFS.ZS,42.6061486475818
DEU,Germany,1995,NY.GDP.MKTP.CD,2593053091306.13
DEU,Germany,1995,NE.EXP.GNFS.ZS,21.4815282668309
DEU,Germany,1995,NE.IMP.GNFS.ZS,21.1246203807509
DEU,Germany,1996,NE.TRD.GNFS.ZS,43.903586095325
DEU,Germany,1996,NY.GDP.MKTP.CD,2506576553158.31
DEU,Germany,1996,NE.EXP.GNFS.ZS,22.2821690795205
DEU,Germany,1996,NE.IMP.GNFS.ZS,21.6214170158045
DEU,Germany,1997,NE.TRD.GNFS.ZS,48.380321068738
DEU,Germany,1997,NY.GDP.MKTP.CD,2218790886532.82
DEU,Germany,1997,NE.EXP.GNFS.ZS,24.7013999735662
DEU,Germany,1997,NE.IMP.GNFS.ZS,23.6789210951718
DEU,Germany,1998,NE.TRD.GNFS.ZS,50.1554657792327
DEU,Germany,1998,NY.GDP.MKTP.CD,2247760364565.97
DEU,Germany,1998,NE.EXP.GNFS.ZS,25.6601609051036
DEU,Germany,1998,NE.IMP.GNFS.ZS,24.4953048741291
DEU,Germany,1999,NE.TRD.GNFS.ZS,51.519227436406
DEU,Germany,1999,NY.GDP.MKTP.CD,2213873468586.88
DEU,Germany,1999,NE.EXP.GNFS.ZS,26.0298761818567
DEU,Germany,1999,NE.IMP.GNFS.ZS,25.4893512545493
DEU,Germany,2000,NE.TRD.GNFS.ZS,59.1955992975405
DEU,Germany,2000,NY.GDP.MKTP.CD,1966980701145.1
DEU,Germany,2000,NE.EXP.GNFS.ZS,29.6806532498145
DEU,Germany,2000,NE.IMP.GNFS.ZS,29.5149460477259
DEU,Germany,2001,NE.TRD.GNFS.ZS,59.5592863682118
DEU,Germany,2001,NY.GDP.MKTP.CD,1966381496641.73
DEU,Germany,2001,NE.EXP.GNFS.ZS,30.5604113813066
DEU,Germany,2001,NE.IMP.GNFS.ZS,28.9988749869052
DEU,Germany,2002,NE.TRD.GNFS.ZS,58.3325687248129
DEU,Germany,2002,NY.GDP.MKTP.CD,2102350798305.89
DEU,Germany,2002,NE.EXP.GNFS.ZS,31.1904504893495
DEU,Germany,2002,NE.IMP.GNFS.ZS,27.1421182354634
DEU,Germany,2003,NE.TRD.GNFS.ZS,58.9145442942507
DEU,Germany,2003,NY.GDP.MKTP.CD,2534715518349.01
DEU,Germany,2003,NE.EXP.GNFS.ZS,31.2678451095809
DEU,Germany,2003,NE.IMP.GNFS.ZS,27.6466991846698
DEU,Germany,2004,NE.TRD.GNFS.ZS,62.9064909465164
DEU,Germany,2004,NY.GDP.MKTP.CD,2852317768061.78
DEU,Germany,2004,NE.EXP.GNFS.ZS,33.9352126434777
DEU,Germany,2004,NE.IMP.GNFS.ZS,28.9712783030388
DEU,Germany,2005,NE.TRD.GNFS.ZS,66.9531024934321
DEU,Germany,2005,NY.GDP.MKTP.CD,2893393187361.87
DEU,Germany,2005,NE.EXP.GNFS.ZS,35.9531497908166
DEU,Germany,2005,NE.IMP.GNFS.ZS,30.9999527026155
DEU,Germany,2006,NE.TRD.GNFS.ZS,72.7591934646234
DEU,Germany,2006,NY.GDP.MKTP.CD,3046308753670.58
DEU,Germany,2006,NE.EXP.GNFS.ZS,38.9694499171537
DEU,Germany,2006,NE.IMP.GNFS.ZS,33.7897435474697
DEU,Germany,2007,NE.TRD.GNFS.ZS,74.8838416816798
DEU,Germany,2007,NY.GDP.MKTP.CD,3484056680854.91
DEU,Germany,2007,NE.EXP.GNFS.ZS,40.6368056265783
DEU,Germany,2007,NE.IMP.GNFS.ZS,34.2470360551014
DEU,Germany,2008,NE.TRD.GNFS.ZS,76.1131665945746
DEU,Germany,2008,NY.GDP.MKTP.CD,3808197720125
DEU,Germany,2008,NE.EXP.GNFS.ZS,40.9488738182043
DEU,Germany,2008,NE.IMP.GNFS.ZS,35.1642927763703
DEU,Germany,2009,NE.TRD.GNFS.ZS,66.1391275757126
DEU,Germany,2009,NY.GDP.MKTP.CD,3478545516683.59
DEU,Germany,2009,NE.EXP.GNFS.ZS,35.4545162932994
DEU,Germany,2009,NE.IMP.GNFS.ZS,30.6846112824132
DEU,Germany,2010,NE.TRD.GNFS.ZS,73.8852351200263
DEU,Germany,2010,NY.GDP.MKTP.CD,3467093769666.67
DEU,Germany,2010,NE.EXP.GNFS.ZS,39.4953465429823
DEU,Germany,2010,NE.IMP.GNFS.ZS,34.389888577044
DEU,Germany,2011,NE.TRD.GNFS.ZS,78.433002901442
DEU,Germany,2011,NY.GDP.MKTP.CD,3823575803793.78
DEU,Germany,2011,NE.EXP.GNFS.ZS,41.6436286591115
DEU,Germany,2011,NE.IMP.GNFS.ZS,36.7893742423305
DEU,Germany,2012,NE.TRD.GNFS.ZS,79.3316495670315
DEU,Germany,2012,NY.GDP.MKTP.CD,3596483233406.25
DEU,Germany,2012,NE.EXP.GNFS.ZS,42.6855834357406
DEU,Germany,2012,NE.IMP.GNFS.ZS,36.6460661312909
DEU,Germany,2013,NE.TRD.GNFS.ZS,77.5860288576931
DEU,Germany,2013,NY.GDP.MKTP.CD,3807023797050.99
DEU,Germany,2013,NE.EXP.GNFS.ZS,41.6802838324356
DEU,Germany,2013,NE.IMP.GNFS.ZS,35.9057450252575
DEU,Germany,2014,NE.TRD.GNFS.ZS,76.8483516336234
DEU,Germany,2014,NY.GDP.MKTP.CD,3964870735760.77
DEU,Germany,2014,NE.EXP.GNFS.ZS,41.6936675523627
DEU,Germany,2014,NE.IMP.GNFS.ZS,35.1546840812607
DEU,Germany,2015,NE.TRD.GNFS.ZS,77.7565815686922
DEU,Germany,2015,NY.GDP.MKTP.CD,3425099578746.09
DEU,Germany,2015,NE.EXP.GNFS.ZS,42.5853976151835
DEU,Germany,2015,NE.IMP.GNFS.ZS,35.1711839535087
DEU,Germany,2016,NE.TRD.GNFS.ZS,76.0059902166055
DEU,Germany,2016,NY.GDP.MKTP.CD,3536787895179
DEU,Germany,2016,NE.EXP.GNFS.ZS,41.6355419518592
DEU,Germany,2016,NE.IMP.GNFS.ZS,34.3704482647463
DEU,Germany,2017,NE.TRD.GNFS.ZS,77.4548394742448
DEU,Germany,2017,NY.GDP.MKTP.CD,3765351626105.89
DEU,Germany,2017,NE.EXP.GNFS.ZS,42.2029575981591
DEU,Germany,2017,NE.IMP.GNFS.ZS,35.2518818760857
DEU,Germany,2018,NE.TRD.GNFS.ZS,79.1252260463654
DEU,Germany,2018,NY.GDP.MKTP.CD,4055433215301.96
DEU,Germany,2018,NE.EXP.GNFS.ZS,42.4968914074717
DEU,Germany,2018,NE.IMP.GNFS.ZS,36.6283346388937
DEU,Germany,2019,NE.TRD.GNFS.ZS,79.0732427175683
DEU,Germany,2019,NY.GDP.MKTP.CD,3959894794039.21
DEU,Germany,2019,NE.EXP.GNFS.ZS,42.3402444816356
DEU,Germany,2019,NE.IMP.GNFS.ZS,36.7329982359327
DEU,Germany,2020,NE.TRD.GNFS.ZS,72.9335327120137
DEU,Germany,2020,NY.GDP.MKTP.CD,3941398957073.94
DEU,Germany,2020,NE.EXP.GNFS.ZS,39.1198068808828
DEU,Germany,2020,NE.IMP.GNFS.ZS,33.8137258311309
DEU,Germany,2021,NE.TRD.GNFS.ZS,79.9195348609851
DEU,Germany,2021,NY.GDP.MKTP.CD,4355251953410.78
DEU,Germany,2021,NE.EXP.GNFS.ZS,42.5198379291429
DEU,Germany,2021,NE.IMP.GNFS.ZS,37.3996969318423
DEU,Germany,2022,NE.TRD.GNFS.ZS,88.7857542130501
DEU,Germany,2022,NY.GDP.MKTP.CD,4201021706478.62
DEU,Germany,2022,NE.EXP.GNFS.ZS,45.6284043425185
DEU,Germany,2022,NE.IMP.GNFS.ZS,43.1573498705316
DEU,Germany,2023,NE.TRD.GNFS.ZS,81.9625483787634
DEU,Germany,2023,NY.GDP.MKTP.CD,4562207532490.28
DEU,Germany,2023,NE.EXP.GNFS.ZS,42.9672624196847
DEU,Germany,2023,NE.IMP.GNFS.ZS,38.9952859590786
DEU,Germany,2024,NE.TRD.GNFS.ZS,79.0907305894936
DEU,Germany,2024,NY.GDP.MKTP.CD,4685592577804.69
DEU,Germany,2024,NE.EXP.GNFS.ZS,41.4340593720908
DEU,Germany,2024,NE.IMP.GNFS.ZS,37.6566712174028
IND,India,1995,NE.TRD.GNFS.ZS,22.8674487062499
IND,India,1995,NY.GDP.MKTP.CD,360281909643.489
IND,India,1995,NE.EXP.GNFS.ZS,10.8439680350622
IND,India,1995,NE.IMP.GNFS.ZS,12.0234806711877
IND,India,1996,NE.TRD.GNFS.ZS,21.9294878713867
IND,India,1996,NY.GDP.MKTP.CD,392896866204.516
IND,India,1996,NE.EXP.GNFS.ZS,10.3851692716063
IND,India,1996,NE.IMP.GNFS.ZS,11.5443185997804
IND,India,1997,NE.TRD.GNFS.ZS,22.6193868670479
IND,India,1997,NY.GDP.MKTP.CD,415867563592.829
IND,India,1997,NE.EXP.GNFS.ZS,10.690717318379
IND,India,1997,NE.IMP.GNFS.ZS,11.9286695486689
IND,India,1998,NE.TRD.GNFS.ZS,23.6994700790647
IND,India,1998,NY.GDP.MKTP.CD,421351317224.941
IND,India,1998,NE.EXP.GNFS.ZS,11.0184691793102
IND,India,1998,NE.IMP.GNFS.ZS,12.6810008997545
IND,India,1999,NE.TRD.GNFS.ZS,24.8155980442929
IND,India,1999,NY.GDP.MKTP.CD,458821052615.79
IND,India,1999,NE.EXP.GNFS.ZS,11.4520646128009
IND,India,1999,NE.IMP.GNFS.ZS,13.363533431492
IND,India,2000,NE.TRD.GNFS.ZS,26.9009229104474
IND,India,2000,NY.GDP.MKTP.CD,468395521654.458
IND,India,2000,NE.EXP.GNFS.ZS,12.9972363113479
IND,India,2000,NE.IMP.GNFS.ZS,13.9036865990995
IND,India,2001,NE.TRD.GNFS.ZS,25.9932547534365
IND,India,2001,NY.GDP.MKTP.CD,485440139204.171
IND,India,2001,NE.EXP.GNFS.ZS,12.5583796339108
IND,India,2001,NE.IMP.GNFS.ZS,13.4348751195257
IND,India,2002,NE.TRD.GNFS.ZS,29.5086629350614
IND,India,2002,NY.GDP.MKTP.CD,514939140318.756
IND,India,2002,NE.EXP.GNFS.ZS,14.2643839243147
IND,India,2002,NE.IMP.GNFS.ZS,15.2442790107467
IND,India,2003,NE.TRD.GNFS.ZS,30.592436132908
IND,India,2003,NY.GDP.MKTP.CD,607700687237.318
IND,India,2003,NE.EXP.GNFS.ZS,14.9479138581734
IND,India,2003,NE.IMP.GNFS.ZS,15.6445222747346
IND,India,2004,NE.TRD.GNFS.ZS,37.503814059447
IND,India,2004,NY.GDP.MKTP.CD,709152728830.775
IND,India,2004,NE.EXP.GNFS.ZS,17.8591249630479
IND,India,2004,NE.IMP.GNFS.ZS,19.6446890963991
IND,India,2005,NE.TRD.GNFS.ZS,42.0016696148691
IND,India,2005,NY.GDP.MKTP.CD,820383763511.445
IND,India,2005,NE.EXP.GNFS.ZS,19.6052466948335
IND,India,2005,NE.IMP.GNFS.ZS,22.3964229200356
IND,India,2006,NE.TRD.GNFS.ZS,45.7244804992652
IND,India,2006,NY.GDP.MKTP.CD,940259888787.721
IND,India,2006,NE.EXP.GNFS.ZS,21.2679414221966
IND,India,2006,NE.IMP.GNFS.ZS,24.4565390770687
IND,India,2007,NE.TRD.GNFS.ZS,45.686268679348
IND,India,2007,NY.GDP.MKTP.CD,1216736438834.96
IND,India,2007,NE.EXP.GNFS.ZS,20.7996997489032
IND,India,2007,NE.IMP.GNFS.ZS,24.8865689304448
IND,India,2008,NE.TRD.GNFS.ZS,53.3682204392226
IND,India,2008,NY.GDP.MKTP.CD,1198895139005.92
IND,India,2008,NE.EXP.GNFS.ZS,24.0973572601391
IND,India,2008,NE.IMP.GNFS.ZS,29.2708631790835
IND,India,2009,NE.TRD.GNFS.ZS,46.2728696428837
IND,India,2009,NY.GDP.MKTP.CD,1341888016994.9
IND,India,2009,NE.EXP.GNFS.ZS,20.4005193743564
IND,India,2009,NE.IMP.GNFS.ZS,25.8723502685274
IND,India,2010,NE.TRD.GNFS.ZS,49.2552064974161
IND,India,2010,NY.GDP.MKTP.CD,1675615519484.96
IND,India,2010,NE.EXP.GNFS.ZS,22.4009332487945
IND,India,2010,NE.IMP.GNFS.ZS,26.8542732486216
IND,India,2011,NE.TRD.GNFS.ZS,55.6238800135298
IND,India,2011,NY.GDP.MKTP.CD,1823051829894.55
IND,India,2011,NE.EXP.GNFS.ZS,24.5404113195713
IND,India,2011,NE.IMP.GNFS.ZS,31.0834686939585
IND,India,2012,NE.TRD.GNFS.ZS,55.7937217287511
IND,India,2012,NY.GDP.MKTP.CD,1827637590410.41
IND,India,2012,NE.EXP.GNFS.ZS,24.534430661418
IND,India,2012,NE.IMP.GNFS.ZS,31.2592910673332
IND,India,2013,NE.TRD.GNFS.ZS,53.8441319466777
IND,India,2013,NY.GDP.MKTP.CD,1856721507621.58
IND,India,2013,NE.EXP.GNFS.ZS,25.430861300519
IND,India,2013,NE.IMP.GNFS.ZS,28.4132706461587
IND,India,2014,NE.TRD.GNFS.ZS,48.9221857470669
IND,India,2014,NY.GDP.MKTP.CD,2039126479154.52
IND,India,2014,NE.EXP.GNFS.ZS,22.9679630081172
IND,India,2014,NE.IMP.GNFS.ZS,25.9542227389497
IND,India,2015,NE.TRD.GNFS.ZS,41.9229138658647
IND,India,2015,NY.GDP.MKTP.CD,2103588360044.94
IND,India,2015,NE.EXP.GNFS.ZS,19.8131891564045
IND,India,2015,NE.IMP.GNFS.ZS,22.1097247094602
IND,India,2016,NE.TRD.GNFS.ZS,40.082485713276
IND,India,2016,NY.GDP.MKTP.CD,2294796885663.16
IND,India,2016,NE.EXP.GNFS.ZS,19.1582349105946
IND,India,2016,NE.IMP.GNFS.ZS,20.9242508026814
IND,India,2017,NE.TRD.GNFS.ZS,40.7424969545225
IND,India,2017,NY.GDP.MKTP.CD,2651474262755.45
IND,India,2017,NE.EXP.GNFS.ZS,18.7917648392982
IND,India,2017,NE.IMP.GNFS.ZS,21.9507321152243
IND,India,2018,NE.TRD.GNFS.ZS,43.6169693323889
IND,India,2018,NY.GDP.MKTP.CD,2702929641648.74
IND,India,2018,NE.EXP.GNFS.ZS,19.9278285988562
IND,India,2018,NE.IMP.GNFS.ZS,23.6891407335327
IND,India,2019,NE.TRD.GNFS.ZS,39.9054035306442
IND,India,2019,NY.GDP.MKTP.CD,2835606256558.19
IND,India,2019,NE.EXP.GNFS.ZS,18.664264897257
IND,India,2019,NE.IMP.GNFS.ZS,21.2411386333872
IND,India,2020,NE.TRD.GNFS.ZS,37.7581053292768
IND,India,2020,NY.GDP.MKTP.CD,2674851578587.27
IND,India,2020,NE.EXP.GNFS.ZS,18.6824769296756
IND,India,2020,NE.IMP.GNFS.ZS,19.0756283996012
IND,India,2021,NE.TRD.GNFS.ZS,45.4230887840446
IND,India,2021,NY.GDP.MKTP.CD,3167270623260.47
IND,India,2021,NE.EXP.GNFS.ZS,21.3991583305515
IND,India,2021,NE.IMP.GNFS.ZS,24.0239304534931
IND,India,2022,NE.TRD.GNFS.ZS,50.0752701498882
IND,India,2022,NY.GDP.MKTP.CD,3346107287730.93
IND,India,2022,NE.EXP.GNFS.ZS,23.2515412045298
IND,India,2022,NE.IMP.GNFS.ZS,26.8237289453584
IND,India,2023,NE.TRD.GNFS.ZS,44.9928422877561
IND,India,2023,NY.GDP.MKTP.CD,3638489096033.86
IND,India,2023,NE.EXP.GNFS.ZS,21.4486977833541
IND,India,2023,NE.IMP.GNFS.ZS,23.544144504402
IND,India,2024,NE.TRD.GNFS.ZS,44.6492935069676
IND,India,2024,NY.GDP.MKTP.CD,3909891533858.08
IND,India,2024,NE.EXP.GNFS.ZS,21.1618460520863
IND,India,2024,NE.IMP.GNFS.ZS,23.4874474548813
IRN,"Iran, Islamic Rep.",1995,NE.TRD.GNFS.ZS,35.1442449159574
IRN,"Iran, Islamic Rep.",1995,NY.GDP.MKTP.CD,96419225743.6737
IRN,"Iran, Islamic Rep.",1995,NE.EXP.GNFS.ZS,21.6762407043299
IRN,"Iran, Islamic Rep.",1995,NE.IMP.GNFS.ZS,13.4680042116275
IRN,"Iran, Islamic Rep.",1996,NE.TRD.GNFS.ZS,35.2212991546042
IRN,"Iran, Islamic Rep.",1996,NY.GDP.MKTP.CD,120403931885.441
IRN,"Iran, Islamic Rep.",1996,NE.EXP.GNFS.ZS,20.1951302398727
IRN,"Iran, Islamic Rep.",1996,NE.IMP.GNFS.ZS,15.0261689147315
IRN,"Iran, Islamic Rep.",1997,NE.TRD.GNFS.ZS,32.6495581116416
IRN,"Iran, Islamic Rep.",1997,NY.GDP.MKTP.CD,113919163421.155
IRN,"Iran, Islamic Rep.",1997,NE.EXP.GNFS.ZS,17.2779308650647
IRN,"Iran, Islamic Rep.",1997,NE.IMP.GNFS.ZS,15.3716272465768
IRN,"Iran, Islamic Rep.",1998,NE.TRD.GNFS.ZS,29.2282196463134
IRN,"Iran, Islamic Rep.",1998,NY.GDP.MKTP.CD,110276913362.508
IRN,"Iran, Islamic Rep.",1998,NE.EXP.GNFS.ZS,12.6833809123619
IRN,"Iran, Islamic Rep.",1998,NE.IMP.GNFS.ZS,16.5448387339515
IRN,"Iran, Islamic Rep.",1999,NE.TRD.GNFS.ZS,34.8854141345934
IRN,"Iran, Islamic Rep.",1999,NY.GDP.MKTP.CD,113848450088.351
IRN,"Iran, Islamic Rep.",1999,NE.EXP.GNFS.ZS,19.292023195998
IRN,"Iran, Islamic Rep.",1999,NE.IMP.GNFS.ZS,15.5933909385954
IRN,"Iran, Islamic Rep.",2000,NE.TRD.GNFS.ZS,41.2572474638031
IRN,"Iran, Islamic Rep.",2000,NY.GDP.MKTP.CD,109591707802.216
IRN,"Iran, Islamic Rep.",2000,NE.EXP.GNFS.ZS,21.4670575678483
IRN,"Iran, Islamic Rep.",2000,NE.IMP.GNFS.ZS,19.7901898959548
IRN,"Iran, Islamic Rep.",2001,NE.TRD.GNFS.ZS,40.535566479523
IRN,"Iran, Islamic Rep.",2001,NY.GDP.MKTP.CD,126878750295.944
IRN,"Iran, Islamic Rep.",2001,NE.EXP.GNFS.ZS,19.3033203562353
IRN,"Iran, Islamic Rep.",2001,NE.IMP.GNFS.ZS,21.2322461232876
IRN,"Iran, Islamic Rep.",2002,NE.TRD.GNFS.ZS,48.1726865520657
IRN,"Iran, Islamic Rep.",2002,NY.GDP.MKTP.CD,128626917503.72
IRN,"Iran, Islamic Rep.",2002,NE.EXP.GNFS.ZS,24.4139021536457
IRN,"Iran, Islamic Rep.",2002,NE.IMP.GNFS.ZS,23.75878439842
IRN,"Iran, Islamic Rep.",2003,NE.TRD.GNFS.ZS,50.6791057753261
IRN,"Iran, Islamic Rep.",2003,NY.GDP.MKTP.CD,151911222119.488
IRN,"Iran, Islamic Rep.",2003,NE.EXP.GNFS.ZS,24.6274728309232
IRN,"Iran, Islamic Rep.",2003,NE.IMP.GNFS.ZS,26.0516329444029
IRN,"Iran, Islamic Rep.",2004,NE.TRD.GNFS.ZS,51.3138573265888
IRN,"Iran, Islamic Rep.",2004,NY.GDP.MKTP.CD,187754571247.666
IRN,"Iran, Islamic Rep.",2004,NE.EXP.GNFS.ZS,25.266928255823
IRN,"Iran, Islamic Rep.",2004,NE.IMP.GNFS.ZS,26.0469290707658
IRN,"Iran, Islamic Rep.",2005,NE.TRD.GNFS.ZS,54.4404952635536
IRN,"Iran, Islamic Rep.",2005,NY.GDP.MKTP.CD,224970371324.67
IRN,"Iran, Islamic Rep.",2005,NE.EXP.GNFS.ZS,30.3308191865397
IRN,"Iran, Islamic Rep.",2005,NE.IMP.GNFS.ZS,24.1096760770139
IRN,"Iran, Islamic Rep.",2006,NE.TRD.GNFS.ZS,53.1673587143845
IRN,"Iran, Islamic Rep.",2006,NY.GDP.MKTP.CD,265602187403.643
IRN,"Iran, Islamic Rep.",2006,NE.EXP.GNFS.ZS,29.8690352505831
IRN,"Iran, Islamic Rep.",2006,NE.IMP.GNFS.ZS,23.2983234638014
IRN,"Iran, Islamic Rep.",2007,NE.TRD.GNFS.ZS,49.8873069225934
IRN,"Iran, Islamic Rep.",2007,NY.GDP.MKTP.CD,349736591832.418
IRN,"Iran, Islamic Rep.",2007,NE.EXP.GNFS.ZS,28.8436124054165
IRN,"Iran, Islamic Rep.",2007,NE.IMP.GNFS.ZS,21.0436945171769
IRN,"Iran, Islamic Rep.",2008,NE.TRD.GNFS.ZS,48.2294027741438
IRN,"Iran, Islamic Rep.",2008,NY.GDP.MKTP.CD,406070949553.875
IRN,"Iran, Islamic Rep.",2008,NE.EXP.GNFS.ZS,26.5771274521598
IRN,"Iran, Islamic Rep.",2008,NE.IMP.GNFS.ZS,21.6522753219841
IRN,"Iran, Islamic Rep.",2009,NE.TRD.GNFS.ZS,43.6995802243585
IRN,"Iran, Islamic Rep.",2009,NY.GDP.MKTP.CD,414059094949.063
IRN,"Iran, Islamic Rep.",2009,NE.EXP.GNFS.ZS,22.7114891378215
IRN,"Iran, Islamic Rep.",2009,NE.IMP.GNFS.ZS,20.988091086537
IRN,"Iran, Islamic Rep.",2010,NE.TRD.GNFS.ZS,43.7706437371399
IRN,"Iran, Islamic Rep.",2010,NY.GDP.MKTP.CD,487069570463.768
IRN,"Iran, Islamic Rep.",2010,NE.EXP.GNFS.ZS,24.399653282909
IRN,"Iran, Islamic Rep.",2010,NE.IMP.GNFS.ZS,19.3709904542309
IRN,"Iran, Islamic Rep.",2011,NE.TRD.GNFS.ZS,41.2194147918578
IRN,"Iran, Islamic Rep.",2011,NY.GDP.MKTP.CD,629082257472.368
IRN,"Iran, Islamic Rep.",2011,NE.EXP.GNFS.ZS,24.9333131264674
IRN,"Iran, Islamic Rep.",2011,NE.IMP.GNFS.ZS,16.2861016653904
IRN,"Iran, Islamic Rep.",2012,NE.TRD.GNFS.ZS,44.0893466807452
IRN,"Iran, Islamic Rep.",2012,NY.GDP.MKTP.CD,644019315003.54
IRN,"Iran, Islamic Rep.",2012,NE.EXP.GNFS.ZS,22.4753001992586
IRN,"Iran, Islamic Rep.",2012,NE.IMP.GNFS.ZS,21.6140464814866
IRN,"Iran, Islamic Rep.",2013,NE.TRD.GNFS.ZS,47.0867179194755
IRN,"Iran, Islamic Rep.",2013,NY.GDP.MKTP.CD,500399839839.877
IRN,"Iran, Islamic Rep.",2013,NE.EXP.GNFS.ZS,25.1829067419072
IRN,"Iran, Islamic Rep.",2013,NE.IMP.GNFS.ZS,21.9038111775683
IRN,"Iran, Islamic Rep.",2014,NE.TRD.GNFS.ZS,45.3514201413161
IRN,"Iran, Islamic Rep.",2014,NY.GDP.MKTP.CD,462284793280.825
IRN,"Iran, Islamic Rep.",2014,NE.EXP.GNFS.ZS,22.8306723891643
IRN,"Iran, Islamic Rep.",2014,NE.IMP.GNFS.ZS,22.5207477521518
IRN,"Iran, Islamic Rep.",2015,NE.TRD.GNFS.ZS,39.42258866118
IRN,"Iran, Islamic Rep.",2015,NY.GDP.MKTP.CD,409191686496.677
IRN,"Iran, Islamic Rep.",2015,NE.EXP.GNFS.ZS,18.7208345068656
IRN,"Iran, Islamic Rep.",2015,NE.IMP.GNFS.ZS,20.7017541543144
IRN,"Iran, Islamic Rep.",2016,NE.TRD.GNFS.ZS,39.8772417738866
IRN,"Iran, Islamic Rep.",2016,NY.GDP.MKTP.CD,478618064870.999
IRN,"Iran, Islamic Rep.",2016,NE.EXP.GNFS.ZS,20.3097816144481
IRN,"Iran, Islamic Rep.",2016,NE.IMP.GNFS.ZS,19.5674601594385
IRN,"Iran, Islamic Rep.",2017,NE.TRD.GNFS.ZS,43.1556931383906
IRN,"Iran, Islamic Rep.",2017,NY.GDP.MKTP.CD,510239893417.645
IRN,"Iran, Islamic Rep.",2017,NE.EXP.GNFS.ZS,21.8329309946109
IRN,"Iran, Islamic Rep.",2017,NE.IMP.GNFS.ZS,21.3227621437797
IRN,"Iran, Islamic Rep.",2018,NE.TRD.GNFS.ZS,56.6153496142829
IRN,"Iran, Islamic Rep.",2018,NY.GDP.MKTP.CD,411903303606.044
IRN,"Iran, Islamic Rep.",2018,NE.EXP.GNFS.ZS,29.639694129412
IRN,"Iran, Islamic Rep.",2018,NE.IMP.GNFS.ZS,26.975655484871
IRN,"Iran, Islamic Rep.",2019,NE.TRD.GNFS.ZS,48.5917712137038
IRN,"Iran, Islamic Rep.",2019,NY.GDP.MKTP.CD,347988400957.999
IRN,"Iran, Islamic Rep.",2019,NE.EXP.GNFS.ZS,22.3147082096412
IRN,"Iran, Islamic Rep.",2019,NE.IMP.GNFS.ZS,26.2770630040625
IRN,"Iran, Islamic Rep.",2020,NE.TRD.GNFS.ZS,43.8844674905013
IRN,"Iran, Islamic Rep.",2020,NY.GDP.MKTP.CD,280934329279.723
IRN,"Iran, Islamic Rep.",2020,NE.EXP.GNFS.ZS,18.3903748639131
IRN,"Iran, Islamic Rep.",2020,NE.IMP.GNFS.ZS,25.4940926265882
IRN,"Iran, Islamic Rep.",2021,NE.TRD.GNFS.ZS,42.672379536261
IRN,"Iran, Islamic Rep.",2021,NY.GDP.MKTP.CD,407350685583.335
IRN,"Iran, Islamic Rep.",2021,NE.EXP.GNFS.ZS,22.0192078360416
IRN,"Iran, Islamic Rep.",2021,NE.IMP.GNFS.ZS,20.6531717002195
IRN,"Iran, Islamic Rep.",2022,NE.TRD.GNFS.ZS,48.9183508223052
IRN,"Iran, Islamic Rep.",2022,NY.GDP.MKTP.CD,422662261525.665
IRN,"Iran, Islamic Rep.",2022,NE.EXP.GNFS.ZS,25.5666185174995
IRN,"Iran, Islamic Rep.",2022,NE.IMP.GNFS.ZS,23.3517323048057
IRN,"Iran, Islamic Rep.",2023,NE.TRD.GNFS.ZS,49.3935500960203
IRN,"Iran, Islamic Rep.",2023,NY.GDP.MKTP.CD,457510482317.483
IRN,"Iran, Islamic Rep.",2023,NE.EXP.GNFS.ZS,23.9216475542357
IRN,"Iran, Islamic Rep.",2023,NE.IMP.GNFS.ZS,25.4719025417845
IRN,"Iran, Islamic Rep.",2024,NE.TRD.GNFS.ZS,52.0621306794348
IRN,"Iran, Islamic Rep.",2024,NY.GDP.MKTP.CD,475252089215.416
IRN,"Iran, Islamic Rep.",2024,NE.EXP.GNFS.ZS,23.5514720983508
IRN,"Iran, Islamic Rep.",2024,NE.IMP.GNFS.ZS,28.5106585810839
ITA,Italy,1995,NE.TRD.GNFS.ZS,45.5795026636995
ITA,Italy,1995,NY.GDP.MKTP.CD,1177369428265.78
ITA,Italy,1995,NE.EXP.GNFS.ZS,24.6157552051653
ITA,Italy,1995,NE.IMP.GNFS.ZS,20.9637474585342
ITA,Italy,1996,NE.TRD.GNFS.ZS,42.8020490474117
ITA,Italy,1996,NY.GDP.MKTP.CD,1314776508972.27
ITA,Italy,1996,NE.EXP.GNFS.ZS,23.662303838318
ITA,Italy,1996,NE.IMP.GNFS.ZS,19.1397452090937
ITA,Italy,1997,NE.TRD.GNFS.ZS,44.4771651978702
ITA,Italy,1997,NY.GDP.MKTP.CD,1244988176443.84
ITA,Italy,1997,NE.EXP.GNFS.ZS,24.0894916918366
ITA,Italy,1997,NE.IMP.GNFS.ZS,20.3876735060337
ITA,Italy,1998,NE.TRD.GNFS.ZS,44.997874273345
ITA,Italy,1998,NY.GDP.MKTP.CD,1272729786996.77
ITA,Italy,1998,NE.EXP.GNFS.ZS,24.0123257096913
ITA,Italy,1998,NE.IMP.GNFS.ZS,20.9855485636537
ITA,Italy,1999,NE.TRD.GNFS.ZS,44.5298402267013
ITA,Italy,1999,NY.GDP.MKTP.CD,1255004736463.98
ITA,Italy,1999,NE.EXP.GNFS.ZS,23.1534516122759
ITA,Italy,1999,NE.IMP.GNFS.ZS,21.3763886144254
ITA,Italy,2000,NE.TRD.GNFS.ZS,50.2747311455639
ITA,Italy,2000,NY.GDP.MKTP.CD,1149661363439.38
ITA,Italy,2000,NE.EXP.GNFS.ZS,25.5611956255751
ITA,Italy,2000,NE.IMP.GNFS.ZS,24.7135355199888
ITA,Italy,2001,NE.TRD.GNFS.ZS,49.8632723203495
ITA,Italy,2001,NY.GDP.MKTP.CD,1172041488805.87
ITA,Italy,2001,NE.EXP.GNFS.ZS,25.5610801918444
ITA,Italy,2001,NE.IMP.GNFS.ZS,24.3021921285051
ITA,Italy,2002,NE.TRD.GNFS.ZS,47.8713186791542
ITA,Italy,2002,NY.GDP.MKTP.CD,1281746271196.04
ITA,Italy,2002,NE.EXP.GNFS.ZS,24.3126948188163
ITA,Italy,2002,NE.IMP.GNFS.ZS,23.5586238603378
ITA,Italy,2003,NE.TRD.GNFS.ZS,45.9940859777074
ITA,Italy,2003,NY.GDP.MKTP.CD,1582930016538.82
ITA,Italy,2003,NE.EXP.GNFS.ZS,23.2240496903642
ITA,Italy,2003,NE.IMP.GNFS.ZS,22.7700362873432
ITA,Italy,2004,NE.TRD.GNFS.ZS,47.2663923891771
ITA,Italy,2004,NY.GDP.MKTP.CD,1812808753294.75
ITA,Italy,2004,NE.EXP.GNFS.ZS,23.9268409466402
ITA,Italy,2004,NE.IMP.GNFS.ZS,23.3395514425368
ITA,Italy,2005,NE.TRD.GNFS.ZS,49.1221742288618
ITA,Italy,2005,NY.GDP.MKTP.CD,1864982261286.85
ITA,Italy,2005,NE.EXP.GNFS.ZS,24.5118533579183
ITA,Italy,2005,NE.IMP.GNFS.ZS,24.6103208709435
ITA,Italy,2006,NE.TRD.GNFS.ZS,52.9235429597012
ITA,Italy,2006,NY.GDP.MKTP.CD,1958563654385.64
ITA,Italy,2006,NE.EXP.GNFS.ZS,26.0530628243151
ITA,Italy,2006,NE.IMP.GNFS.ZS,26.8704801353861
ITA,Italy,2007,NE.TRD.GNFS.ZS,54.8280415572531
ITA,Italy,2007,NY.GDP.MKTP.CD,2222524108127.65
ITA,Italy,2007,NE.EXP.GNFS.ZS,27.2450545395013
ITA,Italy,2007,NE.IMP.GNFS.ZS,27.5829870177519
ITA,Italy,2008,NE.TRD.GNFS.ZS,54.214254895667104
ITA,Italy,2008,NY.GDP.MKTP.CD,2417508414187.19
ITA,Italy,2008,NE.EXP.GNFS.ZS,26.7427615964483
ITA,Italy,2008,NE.IMP.GNFS.ZS,27.4714932992188
ITA,Italy,2009,NE.TRD.GNFS.ZS,45.1414765721604
ITA,Italy,2009,NY.GDP.MKTP.CD,2209484319012.65
ITA,Italy,2009,NE.EXP.GNFS.ZS,22.2771595955525
ITA,Italy,2009,NE.IMP.GNFS.ZS,22.8643169766079
ITA,Italy,2010,NE.TRD.GNFS.ZS,51.6621118138339
ITA,Italy,2010,NY.GDP.MKTP.CD,2144936254535
ITA,Italy,2010,NE.EXP.GNFS.ZS,24.9186514223879
ITA,Italy,2010,NE.IMP.GNFS.ZS,26.743460391446
ITA,Italy,2011,NE.TRD.GNFS.ZS,54.4722149449288
ITA,Italy,2011,NY.GDP.MKTP.CD,2306974020278.21
ITA,Italy,2011,NE.EXP.GNFS.ZS,26.5629866543354
ITA,Italy,2011,NE.IMP.GNFS.ZS,27.9092282905933
ITA,Italy,2012,NE.TRD.GNFS.ZS,54.8844952702204
ITA,Italy,2012,NY.GDP.MKTP.CD,2097929495121.68
ITA,Italy,2012,NE.EXP.GNFS.ZS,27.9851870768453
ITA,Italy,2012,NE.IMP.GNFS.ZS,26.8993081933752
ITA,Italy,2013,NE.TRD.GNFS.ZS,54.0341846317499
ITA,Italy,2013,NY.GDP.MKTP.CD,2153225581941.46
ITA,Italy,2013,NE.EXP.GNFS.ZS,28.177442406394
ITA,Italy,2013,NE.IMP.GNFS.ZS,25.8567422253559
ITA,Italy,2014,NE.TRD.GNFS.ZS,54.4545299332032
ITA,Italy,2014,NY.GDP.MKTP.CD,2173255507985.84
ITA,Italy,2014,NE.EXP.GNFS.ZS,28.6224027363532
ITA,Italy,2014,NE.IMP.GNFS.ZS,25.83212719685
ITA,Italy,2015,NE.TRD.GNFS.ZS,55.4356858148221
ITA,Italy,2015,NY.GDP.MKTP.CD,1845428048839.1
ITA,Italy,2015,NE.EXP.GNFS.ZS,29.144111052532
ITA,Italy,2015,NE.IMP.GNFS.ZS,26.2915747622901
ITA,Italy,2016,NE.TRD.GNFS.ZS,54.4321467018313
ITA,Italy,2016,NY.GDP.MKTP.CD,1887111188176.93
ITA,Italy,2016,NE.EXP.GNFS.ZS,28.7987488919157
ITA,Italy,2016,NE.IMP.GNFS.ZS,25.6333978099156
ITA,Italy,2017,NE.TRD.GNFS.ZS,57.5829940274911
ITA,Italy,2017,NY.GDP.MKTP.CD,1970720904584.71
ITA,Italy,2017,NE.EXP.GNFS.ZS,30.1398859152774
ITA,Italy,2017,NE.IMP.GNFS.ZS,27.4431081122137
ITA,Italy,2018,NE.TRD.GNFS.ZS,59.2749835128154
ITA,Italy,2018,NY.GDP.MKTP.CD,2099435266458.67
ITA,Italy,2018,NE.EXP.GNFS.ZS,30.8135072735991
ITA,Italy,2018,NE.IMP.GNFS.ZS,28.4614762392164
ITA,Italy,2019,NE.TRD.GNFS.ZS,58.6941902594738
ITA,Italy,2019,NY.GDP.MKTP.CD,2019606796583.53
ITA,Italy,2019,NE.EXP.GNFS.ZS,30.9498739181942
ITA,Italy,2019,NE.IMP.GNFS.ZS,27.7443163412796
ITA,Italy,2020,NE.TRD.GNFS.ZS,53.9394839042764
ITA,Italy,2020,NY.GDP.MKTP.CD,1907481094079.23
ITA,Italy,2020,NE.EXP.GNFS.ZS,28.7258551870199
ITA,Italy,2020,NE.IMP.GNFS.ZS,25.2136287172564
ITA,Italy,2021,NE.TRD.GNFS.ZS,60.3019776202798
ITA,Italy,2021,NY.GDP.MKTP.CD,2179207773596.09
ITA,Italy,2021,NE.EXP.GNFS.ZS,31.1716088630092
ITA,Italy,2021,NE.IMP.GNFS.ZS,29.1303687572707
ITA,Italy,2022,NE.TRD.GNFS.ZS,72.0165023032697
ITA,Italy,2022,NY.GDP.MKTP.CD,2104067630319.46
ITA,Italy,2022,NE.EXP.GNFS.ZS,35.0991400412578
ITA,Italy,2022,NE.IMP.GNFS.ZS,36.9173622620119
ITA,Italy,2023,NE.TRD.GNFS.ZS,65.1071778763174
ITA,Italy,2023,NY.GDP.MKTP.CD,2316727999333.18
ITA,Italy,2023,NE.EXP.GNFS.ZS,33.3315893476608
ITA,Italy,2023,NE.IMP.GNFS.ZS,31.7755885286565
ITA,Italy,2024,NE.TRD.GNFS.ZS,62.8237685119526
ITA,Italy,2024,NY.GDP.MKTP.CD,2380825077243.59
ITA,Italy,2024,NE.EXP.GNFS.ZS,32.505041554007
ITA,Italy,2024,NE.IMP.GNFS.ZS,30.3187269579455
JPN,Japan,1995,NE.TRD.GNFS.ZS,16.3901049340172
JPN,Japan,1995,NY.GDP.MKTP.CD,5545563663889.7
JPN,Japan,1995,NE.EXP.GNFS.ZS,8.81647043260959
JPN,Japan,1995,NE.IMP.GNFS.ZS,7.57363450140765
JPN,Japan,1996,NE.TRD.GNFS.ZS,18.2538682255522
JPN,Japan,1996,NY.GDP.MKTP.CD,4923391533851.63
JPN,Japan,1996,NE.EXP.GNFS.ZS,9.31574508353
JPN,Japan,1996,NE.IMP.GNFS.ZS,8.93812314202219
JPN,Japan,1997,NE.TRD.GNFS.ZS,19.7835176233669
JPN,Japan,1997,NY.GDP.MKTP.CD,4492448605638.94
JPN,Japan,1997,NE.EXP.GNFS.ZS,10.3836956397754
JPN,Japan,1997,NE.IMP.GNFS.ZS,9.39982198359144
JPN,Japan,1998,NE.TRD.GNFS.ZS,19.0031862223377
JPN,Japan,1998,NY.GDP.MKTP.CD,4098362709531.24
JPN,Japan,1998,NE.EXP.GNFS.ZS,10.3738060985943
JPN,Japan,1998,NE.IMP.GNFS.ZS,8.62938012374338
JPN,Japan,1999,NE.TRD.GNFS.ZS,18.1256307166911
JPN,Japan,1999,NY.GDP.MKTP.CD,4635982224063.88
JPN,Japan,1999,NE.EXP.GNFS.ZS,9.80553900156021
JPN,Japan,1999,NE.IMP.GNFS.ZS,8.32009171513089
JPN,Japan,2000,NE.TRD.GNFS.ZS,19.5623715839054
JPN,Japan,2000,NY.GDP.MKTP.CD,4968359075956.59
JPN,Japan,2000,NE.EXP.GNFS.ZS,10.4634942027505
JPN,Japan,2000,NE.IMP.GNFS.ZS,9.09887738115494
JPN,Japan,2001,NE.TRD.GNFS.ZS,19.5596044720071
JPN,Japan,2001,NY.GDP.MKTP.CD,4374711694090.87
JPN,Japan,2001,NE.EXP.GNFS.ZS,10.0767999632844
JPN,Japan,2001,NE.IMP.GNFS.ZS,9.48280450872269
JPN,Japan,2002,NE.TRD.GNFS.ZS,20.4471220661583
JPN,Japan,2002,NY.GDP.MKTP.CD,4182846045873.61
JPN,Japan,2002,NE.EXP.GNFS.ZS,10.8554456072287
JPN,Japan,2002,NE.IMP.GNFS.ZS,9.5916764589296
JPN,Japan,2003,NE.TRD.GNFS.ZS,21.3261252678119
JPN,Japan,2003,NY.GDP.MKTP.CD,4519561645253.53
JPN,Japan,2003,NE.EXP.GNFS.ZS,11.4658015766594
JPN,Japan,2003,NE.IMP.GNFS.ZS,9.86032369115249
JPN,Japan,2004,NE.TRD.GNFS.ZS,23.6643534228975
JPN,Japan,2004,NY.GDP.MKTP.CD,4893116005656.56
JPN,Japan,2004,NE.EXP.GNFS.ZS,12.7862646247862
JPN,Japan,2004,NE.IMP.GNFS.ZS,10.8780887981112
JPN,Japan,2005,NE.TRD.GNFS.ZS,26.2299545778565
JPN,Japan,2005,NY.GDP.MKTP.CD,4831467035389.8
JPN,Japan,2005,NE.EXP.GNFS.ZS,13.8158957221159
JPN,Japan,2005,NE.IMP.GNFS.ZS,12.4140588557406
JPN,Japan,2006,NE.TRD.GNFS.ZS,30.0163760986692
JPN,Japan,2006,NY.GDP.MKTP.CD,4601663122649.92
JPN,Japan,2006,NE.EXP.GNFS.ZS,15.6573740466117
JPN,Japan,2006,NE.IMP.GNFS.ZS,14.3590020520575
JPN,Japan,2007,NE.TRD.GNFS.ZS,32.816578051879
JPN,Japan,2007,NY.GDP.MKTP.CD,4579750920354.81
JPN,Japan,2007,NE.EXP.GNFS.ZS,17.2891273707229
JPN,Japan,2007,NE.IMP.GNFS.ZS,15.5274506811561
JPN,Japan,2008,NE.TRD.GNFS.ZS,34.1294765412245
JPN,Japan,2008,NY.GDP.MKTP.CD,5106679115127.3
JPN,Japan,2008,NE.EXP.GNFS.ZS,17.2355433764071
JPN,Japan,2008,NE.IMP.GNFS.ZS,16.8939331648175
JPN,Japan,2009,NE.TRD.GNFS.ZS,24.3901665338555
JPN,Japan,2009,NY.GDP.MKTP.CD,5289493117993.89
JPN,Japan,2009,NE.EXP.GNFS.ZS,12.41956574798
JPN,Japan,2009,NE.IMP.GNFS.ZS,11.9706007858756
JPN,Japan,2010,NE.TRD.GNFS.ZS,28.4984726938389
JPN,Japan,2010,NY.GDP.MKTP.CD,5759071769013.11
JPN,Japan,2010,NE.EXP.GNFS.ZS,14.9185034496428
JPN,Japan,2010,NE.IMP.GNFS.ZS,13.5799692441961
JPN,Japan,2011,NE.TRD.GNFS.ZS,30.1949607286296
JPN,Japan,2011,NY.GDP.MKTP.CD,6233147172341.35
JPN,Japan,2011,NE.EXP.GNFS.ZS,14.7744622613499
JPN,Japan,2011,NE.IMP.GNFS.ZS,15.4204984672798
JPN,Japan,2012,NE.TRD.GNFS.ZS,30.4709109171752
JPN,Japan,2012,NY.GDP.MKTP.CD,6272362996105.03
JPN,Japan,2012,NE.EXP.GNFS.ZS,14.4147746129824
JPN,Japan,2012,NE.IMP.GNFS.ZS,16.0561363041928
JPN,Japan,2013,NE.TRD.GNFS.ZS,33.9787686509511
JPN,Japan,2013,NY.GDP.MKTP.CD,5212328181166.18
JPN,Japan,2013,NE.EXP.GNFS.ZS,15.7841567318773
JPN,Japan,2013,NE.IMP.GNFS.ZS,18.1946119190738
JPN,Japan,2014,NE.TRD.GNFS.ZS,37.4314345686579
JPN,Japan,2014,NY.GDP.MKTP.CD,4896994405353.29
JPN,Japan,2014,NE.EXP.GNFS.ZS,17.4186553484795
JPN,Japan,2014,NE.IMP.GNFS.ZS,20.0127792201784
JPN,Japan,2015,NE.TRD.GNFS.ZS,35.4274083544798
JPN,Japan,2015,NY.GDP.MKTP.CD,4444930651964.18
JPN,Japan,2015,NE.EXP.GNFS.ZS,17.4367598376529
JPN,Japan,2015,NE.IMP.GNFS.ZS,17.990648516827
JPN,Japan,2016,NE.TRD.GNFS.ZS,31.3102468455884
JPN,Japan,2016,NY.GDP.MKTP.CD,5003677627544.24
JPN,Japan,2016,NE.EXP.GNFS.ZS,16.0579692360598
JPN,Japan,2016,NE.IMP.GNFS.ZS,15.2522776095286
JPN,Japan,2017,NE.TRD.GNFS.ZS,34.4232135721686
JPN,Japan,2017,NY.GDP.MKTP.CD,4930837369151.42
JPN,Japan,2017,NE.EXP.GNFS.ZS,17.5914391047836
JPN,Japan,2017,NE.IMP.GNFS.ZS,16.831774467385
JPN,Japan,2018,NE.TRD.GNFS.ZS,36.609931802107
JPN,Japan,2018,NY.GDP.MKTP.CD,5040880939324.86
JPN,Japan,2018,NE.EXP.GNFS.ZS,18.3149455985223
JPN,Japan,2018,NE.IMP.GNFS.ZS,18.2949862035848
JPN,Japan,2019,NE.TRD.GNFS.ZS,35.2164181084145
JPN,Japan,2019,NY.GDP.MKTP.CD,5117993853016.51
JPN,Japan,2019,NE.EXP.GNFS.ZS,17.4635264275221
JPN,Japan,2019,NE.IMP.GNFS.ZS,17.7528916808924
JPN,Japan,2020,NE.TRD.GNFS.ZS,31.335208636773
JPN,Japan,2020,NY.GDP.MKTP.CD,5054068005376.28
JPN,Japan,2020,NE.EXP.GNFS.ZS,15.5331828643222
JPN,Japan,2020,NE.IMP.GNFS.ZS,15.8020257724508
JPN,Japan,2021,NE.TRD.GNFS.ZS,36.7384462280698
JPN,Japan,2021,NY.GDP.MKTP.CD,5039148168861.22
JPN,Japan,2021,NE.EXP.GNFS.ZS,18.1091919388618
JPN,Japan,2021,NE.IMP.GNFS.ZS,18.629254289208
JPN,Japan,2022,NE.TRD.GNFS.ZS,46.8129868368938
JPN,Japan,2022,NY.GDP.MKTP.CD,4262463317796.53
JPN,Japan,2022,NE.EXP.GNFS.ZS,21.5464241239166
JPN,Japan,2022,NE.IMP.GNFS.ZS,25.2665627129772
JPN,Japan,2023,NE.TRD.GNFS.ZS,45.1508795641248
JPN,Japan,2023,NY.GDP.MKTP.CD,4213167237905.83
JPN,Japan,2023,NE.EXP.GNFS.ZS,21.8515912402593
JPN,Japan,2023,NE.IMP.GNFS.ZS,23.2992883238654
JPN,Japan,2024,NE.TRD.GNFS.ZS,46.4069516150859
JPN,Japan,2024,NY.GDP.MKTP.CD,4027597523550.58
JPN,Japan,2024,NE.EXP.GNFS.ZS,22.7689998646748
JPN,Japan,2024,NE.IMP.GNFS.ZS,23.6379517504111
KOR,"Korea, Rep.",1995,NE.TRD.GNFS.ZS,51.3967337856387
KOR,"Korea, Rep.",1995,NY.GDP.MKTP.CD,586286469400.665
KOR,"Korea, Rep.",1995,NE.EXP.GNFS.ZS,25.0908528792617
KOR,"Korea, Rep.",1995,NE.IMP.GNFS.ZS,26.305880906377
KOR,"Korea, Rep.",1996,NE.TRD.GNFS.ZS,51.6134521171463
KOR,"Korea, Rep.",1996,NY.GDP.MKTP.CD,631196863758.281
KOR,"Korea, Rep.",1996,NE.EXP.GNFS.ZS,24.1509711908027
KOR,"Korea, Rep.",1996,NE.IMP.GNFS.ZS,27.4624809263436
KOR,"Korea, Rep.",1997,NE.TRD.GNFS.ZS,55.894947743273
KOR,"Korea, Rep.",1997,NY.GDP.MKTP.CD,589202526424.141
KOR,"Korea, Rep.",1997,NE.EXP.GNFS.ZS,27.4728903732725
KOR,"Korea, Rep.",1997,NE.IMP.GNFS.ZS,28.4220573700005
KOR,"Korea, Rep.",1998,NE.TRD.GNFS.ZS,66.3289851108207
KOR,"Korea, Rep.",1998,NY.GDP.MKTP.CD,397297216492.19
KOR,"Korea, Rep.",1998,NE.EXP.GNFS.ZS,38.2368909900718
KOR,"Korea, Rep.",1998,NE.IMP.GNFS.ZS,28.0920941207489
KOR,"Korea, Rep.",1999,NE.TRD.GNFS.ZS,57.8948578896383
KOR,"Korea, Rep.",1999,NY.GDP.MKTP.CD,515697079289.011
KOR,"Korea, Rep.",1999,NE.EXP.GNFS.ZS,31.5122613381554
KOR,"Korea, Rep.",1999,NE.IMP.GNFS.ZS,26.3825965514828
KOR,"Korea, Rep.",2000,NE.TRD.GNFS.ZS,64.0588155729056
KOR,"Korea, Rep.",2000,NY.GDP.MKTP.CD,597487173479.109
KOR,"Korea, Rep.",2000,NE.EXP.GNFS.ZS,32.8643016483147
KOR,"Korea, Rep.",2000,NE.IMP.GNFS.ZS,31.1945139245909
KOR,"Korea, Rep.",2001,NE.TRD.GNFS.ZS,60.4277386641693
KOR,"Korea, Rep.",2001,NY.GDP.MKTP.CD,567564806235.441
KOR,"Korea, Rep.",2001,NE.EXP.GNFS.ZS,30.8628730280238
KOR,"Korea, Rep.",2001,NE.IMP.GNFS.ZS,29.5648656361455
KOR,"Korea, Rep.",2002,NE.TRD.GNFS.ZS,56.6688767960273
KOR,"Korea, Rep.",2002,NY.GDP.MKTP.CD,650014391470.21
KOR,"Korea, Rep.",2002,NE.EXP.GNFS.ZS,28.869081069037
KOR,"Korea, Rep.",2002,NE.IMP.GNFS.ZS,27.7997957269903
KOR,"Korea, Rep.",2003,NE.TRD.GNFS.ZS,59.4242945541732
KOR,"Korea, Rep.",2003,NY.GDP.MKTP.CD,728516494684.269
KOR,"Korea, Rep.",2003,NE.EXP.GNFS.ZS,30.4447497818826
KOR,"Korea, Rep.",2003,NE.IMP.GNFS.ZS,28.9795447722905
KOR,"Korea, Rep.",2004,NE.TRD.GNFS.ZS,67.9270638751076
KOR,"Korea, Rep.",2004,NY.GDP.MKTP.CD,823251107638.814
KOR,"Korea, Rep.",2004,NE.EXP.GNFS.ZS,35.6099304973786
KOR,"Korea, Rep.",2004,NE.IMP.GNFS.ZS,32.317133377729
KOR,"Korea, Rep.",2005,NE.TRD.GNFS.ZS,66.1695148242697
KOR,"Korea, Rep.",2005,NY.GDP.MKTP.CD,971740329983.878
KOR,"Korea, Rep.",2005,NE.EXP.GNFS.ZS,34.1271966602876
KOR,"Korea, Rep.",2005,NE.IMP.GNFS.ZS,32.0423181639821
KOR,"Korea, Rep.",2006,NE.TRD.GNFS.ZS,68.3749509402263
KOR,"Korea, Rep.",2006,NY.GDP.MKTP.CD,1095175538508.19
KOR,"Korea, Rep.",2006,NE.EXP.GNFS.ZS,34.4457182771661
KOR,"Korea, Rep.",2006,NE.IMP.GNFS.ZS,33.9292326630601
KOR,"Korea, Rep.",2007,NE.TRD.GNFS.ZS,71.3239614988013
KOR,"Korea, Rep.",2007,NY.GDP.MKTP.CD,1220911904593.06
KOR,"Korea, Rep.",2007,NE.EXP.GNFS.ZS,36.0414909532161
KOR,"Korea, Rep.",2007,NE.IMP.GNFS.ZS,35.2824705455852
KOR,"Korea, Rep.",2008,NE.TRD.GNFS.ZS,92.0833544961819
KOR,"Korea, Rep.",2008,NY.GDP.MKTP.CD,1091580692542.34
KOR,"Korea, Rep.",2008,NE.EXP.GNFS.ZS,45.8471508377288
KOR,"Korea, Rep.",2008,NE.IMP.GNFS.ZS,46.2362036584532
KOR,"Korea, Rep.",2009,NE.TRD.GNFS.ZS,83.1246099057162
KOR,"Korea, Rep.",2009,NY.GDP.MKTP.CD,983065242417.36
KOR,"Korea, Rep.",2009,NE.EXP.GNFS.ZS,43.5106195264818
KOR,"Korea, Rep.",2009,NE.IMP.GNFS.ZS,39.6139903792344
KOR,"Korea, Rep.",2010,NE.TRD.GNFS.ZS,88.0278677123124
KOR,"Korea, Rep.",2010,NY.GDP.MKTP.CD,1192830015737.68
KOR,"Korea, Rep.",2010,NE.EXP.GNFS.ZS,45.2718606886955
KOR,"Korea, Rep.",2010,NE.IMP.GNFS.ZS,42.7560070236169
KOR,"Korea, Rep.",2011,NE.TRD.GNFS.ZS,101.68061646213
KOR,"Korea, Rep.",2011,NY.GDP.MKTP.CD,1307103477219.1
KOR,"Korea, Rep.",2011,NE.EXP.GNFS.ZS,51.2813207677942
KOR,"Korea, Rep.",2011,NE.IMP.GNFS.ZS,50.3992956943359
KOR,"Korea, Rep.",2012,NE.TRD.GNFS.ZS,101.51727207905
KOR,"Korea, Rep.",2012,NY.GDP.MKTP.CD,1335343586437.67
KOR,"Korea, Rep.",2012,NE.EXP.GNFS.ZS,52.0235312085188
KOR,"Korea, Rep.",2012,NE.IMP.GNFS.ZS,49.4937408705314
KOR,"Korea, Rep.",2013,NE.TRD.GNFS.ZS,94.1675235855873
KOR,"Korea, Rep.",2013,NY.GDP.MKTP.CD,1434669686501.84
KOR,"Korea, Rep.",2013,NE.EXP.GNFS.ZS,49.2338591040691
KOR,"Korea, Rep.",2013,NE.IMP.GNFS.ZS,44.9336644815181
KOR,"Korea, Rep.",2014,NE.TRD.GNFS.ZS,86.9342577972039
KOR,"Korea, Rep.",2014,NY.GDP.MKTP.CD,1556252422020.44
KOR,"Korea, Rep.",2014,NE.EXP.GNFS.ZS,45.7876203673052
KOR,"Korea, Rep.",2014,NE.IMP.GNFS.ZS,41.1466374298986
KOR,"Korea, Rep.",2015,NE.TRD.GNFS.ZS,75.3881774564907
KOR,"Korea, Rep.",2015,NY.GDP.MKTP.CD,1539212301135.55
KOR,"Korea, Rep.",2015,NE.EXP.GNFS.ZS,40.9681314540182
KOR,"Korea, Rep.",2015,NE.IMP.GNFS.ZS,34.4200460024725
KOR,"Korea, Rep.",2016,NE.TRD.GNFS.ZS,69.8997221316919
KOR,"Korea, Rep.",2016,NY.GDP.MKTP.CD,1579150518945.44
KOR,"Korea, Rep.",2016,NE.EXP.GNFS.ZS,38.1129875583911
KOR,"Korea, Rep.",2016,NE.IMP.GNFS.ZS,31.7867345733008
KOR,"Korea, Rep.",2017,NE.TRD.GNFS.ZS,73.1921408264016
KOR,"Korea, Rep.",2017,NY.GDP.MKTP.CD,1710196756713.17
KOR,"Korea, Rep.",2017,NE.EXP.GNFS.ZS,38.8488899920532
KOR,"Korea, Rep.",2017,NE.IMP.GNFS.ZS,34.3432508343484
KOR,"Korea, Rep.",2018,NE.TRD.GNFS.ZS,74.7075162140824
KOR,"Korea, Rep.",2018,NY.GDP.MKTP.CD,1824251454306.83
KOR,"Korea, Rep.",2018,NE.EXP.GNFS.ZS,39.4523497931837
KOR,"Korea, Rep.",2018,NE.IMP.GNFS.ZS,35.2551664208987
KOR,"Korea, Rep.",2019,NE.TRD.GNFS.ZS,71.4470632403511
KOR,"Korea, Rep.",2019,NY.GDP.MKTP.CD,1751045752054.63
KOR,"Korea, Rep.",2019,NE.EXP.GNFS.ZS,37.0413266370488
KOR,"Korea, Rep.",2019,NE.IMP.GNFS.ZS,34.4057366033023
KOR,"Korea, Rep.",2020,NE.TRD.GNFS.ZS,65.544957860621
KOR,"Korea, Rep.",2020,NY.GDP.MKTP.CD,1744070276373.34
KOR,"Korea, Rep.",2020,NE.EXP.GNFS.ZS,34.6152001987888
KOR,"Korea, Rep.",2020,NE.IMP.GNFS.ZS,30.9297576618322
KOR,"Korea, Rep.",2021,NE.TRD.GNFS.ZS,75.3063047610912
KOR,"Korea, Rep.",2021,NY.GDP.MKTP.CD,1942313560965.9
KOR,"Korea, Rep.",2021,NE.EXP.GNFS.ZS,39.3388192669479
KOR,"Korea, Rep.",2021,NE.IMP.GNFS.ZS,35.9674854941434
KOR,"Korea, Rep.",2022,NE.TRD.GNFS.ZS,90.5851475278549
KOR,"Korea, Rep.",2022,NY.GDP.MKTP.CD,1799363116866.52
KOR,"Korea, Rep.",2022,NE.EXP.GNFS.ZS,45.294860984133
KOR,"Korea, Rep.",2022,NE.IMP.GNFS.ZS,45.2902865437219
KOR,"Korea, Rep.",2023,NE.TRD.GNFS.ZS,82.2580090716629
KOR,"Korea, Rep.",2023,NY.GDP.MKTP.CD,1844800934391.54
KOR,"Korea, Rep.",2023,NE.EXP.GNFS.ZS,41.3214807367697
KOR,"Korea, Rep.",2023,NE.IMP.GNFS.ZS,40.9365283348931
KOR,"Korea, Rep.",2024,NE.TRD.GNFS.ZS,84.6424951192038
KOR,"Korea, Rep.",2024,NY.GDP.MKTP.CD,1875388209406.8
KOR,"Korea, Rep.",2024,NE.EXP.GNFS.ZS,44.3582383593234
KOR,"Korea, Rep.",2024,NE.IMP.GNFS.ZS,40.2842567598803
RUS,Russian Federation,1995,NE.TRD.GNFS.ZS,55.1829054657257
RUS,Russian Federation,1995,NY.GDP.MKTP.CD,395537185734.854
RUS,Russian Federation,1995,NE.EXP.GNFS.ZS,29.2890113495619
RUS,Russian Federation,1995,NE.IMP.GNFS.ZS,25.8938941161638
RUS,Russian Federation,1996,NE.TRD.GNFS.ZS,47.922500819419
RUS,Russian Federation,1996,NY.GDP.MKTP.CD,391724890744.498
RUS,Russian Federation,1996,NE.EXP.GNFS.ZS,26.0729881302908
RUS,Russian Federation,1996,NE.IMP.GNFS.ZS,21.8495126891282
RUS,Russian Federation,1997,NE.TRD.GNFS.ZS,47.2569214100748
RUS,Russian Federation,1997,NY.GDP.MKTP.CD,404928954191.876
RUS,Russian Federation,1997,NE.EXP.GNFS.ZS,24.7298415292289
RUS,Russian Federation,1997,NE.IMP.GNFS.ZS,22.527079880846
RUS,Russian Federation,1998,NE.TRD.GNFS.ZS,55.7722532849766
RUS,Russian Federation,1998,NY.GDP.MKTP.CD,270955486862.442
RUS,Russian Federation,1998,NE.EXP.GNFS.ZS,31.22120547318
RUS,Russian Federation,1998,NE.IMP.GNFS.ZS,24.5510478117966
RUS,Russian Federation,1999,NE.TRD.GNFS.ZS,69.393281498812
RUS,Russian Federation,1999,NY.GDP.MKTP.CD,195907128350.934
RUS,Russian Federation,1999,NE.EXP.GNFS.ZS,43.2199685128244
RUS,Russian Federation,1999,NE.IMP.GNFS.ZS,26.1733129859875
RUS,Russian Federation,2000,NE.TRD.GNFS.ZS,68.0939070373555
RUS,Russian Federation,2000,NY.GDP.MKTP.CD,259710142196.943
RUS,Russian Federation,2000,NE.EXP.GNFS.ZS,44.0604413055146
RUS,Russian Federation,2000,NE.IMP.GNFS.ZS,24.0334657318409
RUS,Russian Federation,2001,NE.TRD.GNFS.ZS,61.1108586644206
RUS,Russian Federation,2001,NY.GDP.MKTP.CD,306602070620.5
RUS,Russian Federation,2001,NE.EXP.GNFS.ZS,36.8934935960337
RUS,Russian Federation,2001,NE.IMP.GNFS.ZS,24.2173650683869
RUS,Russian Federation,2002,NE.TRD.GNFS.ZS,59.6454457319607
RUS,Russian Federation,2002,NY.GDP.MKTP.CD,345470494417.863
RUS,Russian Federation,2002,NE.EXP.GNFS.ZS,35.2125940630626
RUS,Russian Federation,2002,NE.IMP.GNFS.ZS,24.432851668898
RUS,Russian Federation,2003,NE.TRD.GNFS.ZS,59.1282690076014
RUS,Russian Federation,2003,NY.GDP.MKTP.CD,430347420184.885
RUS,Russian Federation,2003,NE.EXP.GNFS.ZS,35.2499817757806
RUS,Russian Federation,2003,NE.IMP.GNFS.ZS,23.8782872318208
RUS,Russian Federation,2004,NE.TRD.GNFS.ZS,56.5818523984055
RUS,Russian Federation,2004,NY.GDP.MKTP.CD,591016690732.385
RUS,Russian Federation,2004,NE.EXP.GNFS.ZS,34.4178910554597
RUS,Russian Federation,2004,NE.IMP.GNFS.ZS,22.1639613429458
RUS,Russian Federation,2005,NE.TRD.GNFS.ZS,56.7132484905422
RUS,Russian Federation,2005,NY.GDP.MKTP.CD,764015973481.11
RUS,Russian Federation,2005,NE.EXP.GNFS.ZS,35.2030659651181
RUS,Russian Federation,2005,NE.IMP.GNFS.ZS,21.5101825254241
RUS,Russian Federation,2006,NE.TRD.GNFS.ZS,54.733401867266
RUS,Russian Federation,2006,NY.GDP.MKTP.CD,989932071352.543
RUS,Russian Federation,2006,NE.EXP.GNFS.ZS,33.7304754439762
RUS,Russian Federation,2006,NE.IMP.GNFS.ZS,21.0029264232898
RUS,Russian Federation,2007,NE.TRD.GNFS.ZS,51.7061227454606
RUS,Russian Federation,2007,NY.GDP.MKTP.CD,1299703478481.65
RUS,Russian Federation,2007,NE.EXP.GNFS.ZS,30.164060484537
RUS,Russian Federation,2007,NE.IMP.GNFS.ZS,21.5420622609236
RUS,Russian Federation,2008,NE.TRD.GNFS.ZS,53.3824660408908
RUS,Russian Federation,2008,NY.GDP.MKTP.CD,1660848058303.11
RUS,Russian Federation,2008,NE.EXP.GNFS.ZS,31.3095603335689
RUS,Russian Federation,2008,NE.IMP.GNFS.ZS,22.072905707322
RUS,Russian Federation,2009,NE.TRD.GNFS.ZS,48.4350610278181
RUS,Russian Federation,2009,NY.GDP.MKTP.CD,1222645900055.7
RUS,Russian Federation,2009,NE.EXP.GNFS.ZS,27.9381012041521
RUS,Russian Federation,2009,NE.IMP.GNFS.ZS,20.496959823666
RUS,Russian Federation,2010,NE.TRD.GNFS.ZS,50.3555054872589
RUS,Russian Federation,2010,NY.GDP.MKTP.CD,1524916715223.95
RUS,Russian Federation,2010,NE.EXP.GNFS.ZS,29.2155607849758
RUS,Russian Federation,2010,NE.IMP.GNFS.ZS,21.1399447022831
RUS,Russian Federation,2011,NE.TRD.GNFS.ZS,48.0353994077919
RUS,Russian Federation,2011,NY.GDP.MKTP.CD,2045922753398.04
RUS,Russian Federation,2011,NE.EXP.GNFS.ZS,28.0553614798549
RUS,Russian Federation,2011,NE.IMP.GNFS.ZS,19.9800379279369
RUS,Russian Federation,2012,NE.TRD.GNFS.ZS,47.1513903857957
RUS,Russian Federation,2012,NY.GDP.MKTP.CD,2208293553878.42
RUS,Russian Federation,2012,NE.EXP.GNFS.ZS,26.9073203393663
RUS,Russian Federation,2012,NE.IMP.GNFS.ZS,20.2440700464294
RUS,Russian Federation,2013,NE.TRD.GNFS.ZS,46.287149400499
RUS,Russian Federation,2013,NY.GDP.MKTP.CD,2292470078346.22
RUS,Russian Federation,2013,NE.EXP.GNFS.ZS,25.845336826255
RUS,Russian Federation,2013,NE.IMP.GNFS.ZS,20.441812574244
RUS,Russian Federation,2014,NE.TRD.GNFS.ZS,47.8013412628116
RUS,Russian Federation,2014,NY.GDP.MKTP.CD,2059241589895.01
RUS,Russian Federation,2014,NE.EXP.GNFS.ZS,27.1110970517525
RUS,Russian Federation,2014,NE.IMP.GNFS.ZS,20.6902442110591
RUS,Russian Federation,2015,NE.TRD.GNFS.ZS,49.3593493116887
RUS,Russian Federation,2015,NY.GDP.MKTP.CD,1363482182197.71
RUS,Russian Federation,2015,NE.EXP.GNFS.ZS,28.703389442924
RUS,Russian Federation,2015,NE.IMP.GNFS.ZS,20.6559598687647
RUS,Russian Federation,2016,NE.TRD.GNFS.ZS,46.5181198396096
RUS,Russian Federation,2016,NY.GDP.MKTP.CD,1276786350881.14
RUS,Russian Federation,2016,NE.EXP.GNFS.ZS,25.8544829769167
RUS,Russian Federation,2016,NE.IMP.GNFS.ZS,20.6636368626929
RUS,Russian Federation,2017,NE.TRD.GNFS.ZS,46.8765243371311
RUS,Russian Federation,2017,NY.GDP.MKTP.CD,1574199360089
RUS,Russian Federation,2017,NE.EXP.GNFS.ZS,26.0908809797568
RUS,Russian Federation,2017,NE.IMP.GNFS.ZS,20.7856433573743
RUS,Russian Federation,2018,NE.TRD.GNFS.ZS,51.5809003703964
RUS,Russian Federation,2018,NY.GDP.MKTP.CD,1657328773461.31
RUS,Russian Federation,2018,NE.EXP.GNFS.ZS,30.7932568020743
RUS,Russian Federation,2018,NE.IMP.GNFS.ZS,20.7876435683221
RUS,Russian Federation,2019,NE.TRD.GNFS.ZS,49.2287536619033
RUS,Russian Federation,2019,NY.GDP.MKTP.CD,1693115002708.32
RUS,Russian Federation,2019,NE.EXP.GNFS.ZS,28.4334306799759
RUS,Russian Federation,2019,NE.IMP.GNFS.ZS,20.7953229819275
RUS,Russian Federation,2020,NE.TRD.GNFS.ZS,45.9669082029127
RUS,Russian Federation,2020,NY.GDP.MKTP.CD,1493075894362.14
RUS,Russian Federation,2020,NE.EXP.GNFS.ZS,25.5221855113549
RUS,Russian Federation,2020,NE.IMP.GNFS.ZS,20.4447226915578
RUS,Russian Federation,2021,NE.TRD.GNFS.ZS,50.5861954621752
RUS,Russian Federation,2021,NY.GDP.MKTP.CD,1829186719575.1
RUS,Russian Federation,2021,NE.EXP.GNFS.ZS,30.0024195364041
RUS,Russian Federation,2021,NE.IMP.GNFS.ZS,20.5837759257711
RUS,Russian Federation,2022,NE.TRD.GNFS.ZS,42.7827864294811
RUS,Russian Federation,2022,NY.GDP.MKTP.CD,2291612121334.64
RUS,Russian Federation,2022,NE.EXP.GNFS.ZS,27.7203033526803
RUS,Russian Federation,2022,NE.IMP.GNFS.ZS,15.0624830768008
RUS,Russian Federation,2023,NE.TRD.GNFS.ZS,40.8343264105273
RUS,Russian Federation,2023,NY.GDP.MKTP.CD,2071505725030.58
RUS,Russian Federation,2023,NE.EXP.GNFS.ZS,22.4927119538767
RUS,Russian Federation,2023,NE.IMP.GNFS.ZS,18.3416144566506
RUS,Russian Federation,2024,NE.TRD.GNFS.ZS,39.5081647660396
RUS,Russian Federation,2024,NY.GDP.MKTP.CD,2173835806671.66
RUS,Russian Federation,2024,NE.EXP.GNFS.ZS,21.91660028345
RUS,Russian Federation,2024,NE.IMP.GNFS.ZS,17.5915644825897
SAU,Saudi Arabia,1995,NE.TRD.GNFS.ZS,65.0417272083752
SAU,Saudi Arabia,1995,NY.GDP.MKTP.CD,143343124165.554
SAU,Saudi Arabia,1995,NE.EXP.GNFS.ZS,37.3378413620953
SAU,Saudi Arabia,1995,NE.IMP.GNFS.ZS,27.7038858462799
SAU,Saudi Arabia,1996,NE.TRD.GNFS.ZS,66.653820067958
SAU,Saudi Arabia,1996,NY.GDP.MKTP.CD,158662483311.081
SAU,Saudi Arabia,1996,NE.EXP.GNFS.ZS,40.0228209447804
SAU,Saudi Arabia,1996,NE.IMP.GNFS.ZS,26.6309991231776
SAU,Saudi Arabia,1997,NE.TRD.GNFS.ZS,65.1880669440449
SAU,Saudi Arabia,1997,NY.GDP.MKTP.CD,165963684913.218
SAU,Saudi Arabia,1997,NE.EXP.GNFS.ZS,39.1585979206286
SAU,Saudi Arabia,1997,NE.IMP.GNFS.ZS,26.0294690234163
SAU,Saudi Arabia,1998,NE.TRD.GNFS.ZS,56.0883926105725
SAU,Saudi Arabia,1998,NY.GDP.MKTP.CD,146775466666.667
SAU,Saudi Arabia,1998,NE.EXP.GNFS.ZS,29.6323817967762
SAU,Saudi Arabia,1998,NE.IMP.GNFS.ZS,26.4560108137963
SAU,Saudi Arabia,1999,NE.TRD.GNFS.ZS,57.8460488194196
SAU,Saudi Arabia,1999,NY.GDP.MKTP.CD,161717066666.667
SAU,Saudi Arabia,1999,NE.EXP.GNFS.ZS,34.6664709888381
SAU,Saudi Arabia,1999,NE.IMP.GNFS.ZS,23.1795778305815
SAU,Saudi Arabia,2000,NE.TRD.GNFS.ZS,68.1664488005167
SAU,Saudi Arabia,2000,NY.GDP.MKTP.CD,189514933333.333
SAU,Saudi Arabia,2000,NE.EXP.GNFS.ZS,43.4052690306903
SAU,Saudi Arabia,2000,NE.IMP.GNFS.ZS,24.7611797698264
SAU,Saudi Arabia,2001,NE.TRD.GNFS.ZS,63.5605836794513
SAU,Saudi Arabia,2001,NY.GDP.MKTP.CD,184137600000
SAU,Saudi Arabia,2001,NE.EXP.GNFS.ZS,39.633694222871
SAU,Saudi Arabia,2001,NE.IMP.GNFS.ZS,23.9268894565803
SAU,Saudi Arabia,2002,NE.TRD.GNFS.ZS,64.5927974099254
SAU,Saudi Arabia,2002,NY.GDP.MKTP.CD,189605866666.667
SAU,Saudi Arabia,2002,NE.EXP.GNFS.ZS,40.94880327191
SAU,Saudi Arabia,2002,NE.IMP.GNFS.ZS,23.6439941380154
SAU,Saudi Arabia,2003,NE.TRD.GNFS.ZS,69.831170708742
SAU,Saudi Arabia,2003,NY.GDP.MKTP.CD,215807733333.333
SAU,Saudi Arabia,2003,NE.EXP.GNFS.ZS,45.8541491871159
SAU,Saudi Arabia,2003,NE.IMP.GNFS.ZS,23.977021521626
SAU,Saudi Arabia,2004,NE.TRD.GNFS.ZS,75.0828366569341
SAU,Saudi Arabia,2004,NY.GDP.MKTP.CD,258742133333.333
SAU,Saudi Arabia,2004,NE.EXP.GNFS.ZS,50.9853310838178
SAU,Saudi Arabia,2004,NE.IMP.GNFS.ZS,24.0975055731163
SAU,Saudi Arabia,2005,NE.TRD.GNFS.ZS,81.9540759410158
SAU,Saudi Arabia,2005,NY.GDP.MKTP.CD,328459608764.111
SAU,Saudi Arabia,2005,NE.EXP.GNFS.ZS,57.050742989557
SAU,Saudi Arabia,2005,NE.IMP.GNFS.ZS,24.9033329514589
SAU,Saudi Arabia,2006,NE.TRD.GNFS.ZS,89.9446046768984
SAU,Saudi Arabia,2006,NY.GDP.MKTP.CD,376900133511.348
SAU,Saudi Arabia,2006,NE.EXP.GNFS.ZS,59.8319082445442
SAU,Saudi Arabia,2006,NE.IMP.GNFS.ZS,30.1126964323542
SAU,Saudi Arabia,2007,NE.TRD.GNFS.ZS,94.8633170967657
SAU,Saudi Arabia,2007,NY.GDP.MKTP.CD,415964509673.115
SAU,Saudi Arabia,2007,NE.EXP.GNFS.ZS,59.9374401392842
SAU,Saudi Arabia,2007,NE.IMP.GNFS.ZS,34.9258769574815
SAU,Saudi Arabia,2008,NE.TRD.GNFS.ZS,96.1026308742185
SAU,Saudi Arabia,2008,NY.GDP.MKTP.CD,519796800000
SAU,Saudi Arabia,2008,NE.EXP.GNFS.ZS,62.1115020331022
SAU,Saudi Arabia,2008,NE.IMP.GNFS.ZS,33.9911288411164
SAU,Saudi Arabia,2009,NE.TRD.GNFS.ZS,84.8583415624843
SAU,Saudi Arabia,2009,NY.GDP.MKTP.CD,429097866666.667
SAU,Saudi Arabia,2009,NE.EXP.GNFS.ZS,47.0886206534391
SAU,Saudi Arabia,2009,NE.IMP.GNFS.ZS,37.7697209090451
SAU,Saudi Arabia,2010,NE.TRD.GNFS.ZS,82.5496850227537
SAU,Saudi Arabia,2010,NY.GDP.MKTP.CD,528207466666.667
SAU,Saudi Arabia,2010,NE.EXP.GNFS.ZS,49.5697145263124
SAU,Saudi Arabia,2010,NE.IMP.GNFS.ZS,32.9799704964413
SAU,Saudi Arabia,2011,NE.TRD.GNFS.ZS,84.3594342438995
SAU,Saudi Arabia,2011,NY.GDP.MKTP.CD,680660800000
SAU,Saudi Arabia,2011,NE.EXP.GNFS.ZS,55.2733461365779
SAU,Saudi Arabia,2011,NE.IMP.GNFS.ZS,29.0860881073216
SAU,Saudi Arabia,2012,NE.TRD.GNFS.ZS,81.74067854616
SAU,Saudi Arabia,2012,NY.GDP.MKTP.CD,751921333333.333
SAU,Saudi Arabia,2012,NE.EXP.GNFS.ZS,53.1198476436365
SAU,Saudi Arabia,2012,NE.IMP.GNFS.ZS,28.6208309025235
SAU,Saudi Arabia,2013,NE.TRD.GNFS.ZS,80.2515014286783
SAU,Saudi Arabia,2013,NY.GDP.MKTP.CD,769755733333.333
SAU,Saudi Arabia,2013,NE.EXP.GNFS.ZS,50.3725164415794
SAU,Saudi Arabia,2013,NE.IMP.GNFS.ZS,29.8789849870989
SAU,Saudi Arabia,2014,NE.TRD.GNFS.ZS,78.000111117736
SAU,Saudi Arabia,2014,NY.GDP.MKTP.CD,787153066666.667
SAU,Saudi Arabia,2014,NE.EXP.GNFS.ZS,45.0958458227862
SAU,Saudi Arabia,2014,NE.IMP.GNFS.ZS,32.9042652949498
SAU,Saudi Arabia,2015,NE.TRD.GNFS.ZS,67.105269230059207
SAU,Saudi Arabia,2015,NY.GDP.MKTP.CD,693414400000
SAU,Saudi Arabia,2015,NE.EXP.GNFS.ZS,31.4401316153804
SAU,Saudi Arabia,2015,NE.IMP.GNFS.ZS,35.6651376146789
SAU,Saudi Arabia,2016,NE.TRD.GNFS.ZS,57.9216635110364
SAU,Saudi Arabia,2016,NY.GDP.MKTP.CD,689279466666.667
SAU,Saudi Arabia,2016,NE.EXP.GNFS.ZS,29.1430897114591
SAU,Saudi Arabia,2016,NE.IMP.GNFS.ZS,28.7785737995774
SAU,Saudi Arabia,2017,NE.TRD.GNFS.ZS,59.5319791578229
SAU,Saudi Arabia,2017,NY.GDP.MKTP.CD,741266133333.333
SAU,Saudi Arabia,2017,NE.EXP.GNFS.ZS,32.3625378991189
SAU,Saudi Arabia,2017,NE.IMP.GNFS.ZS,27.169441258704
SAU,Saudi Arabia,2018,NE.TRD.GNFS.ZS,59.1029104697141
SAU,Saudi Arabia,2018,NY.GDP.MKTP.CD,886564800000
SAU,Saudi Arabia,2018,NE.EXP.GNFS.ZS,35.5209831625769
SAU,Saudi Arabia,2018,NE.IMP.GNFS.ZS,23.5819273071372
SAU,Saudi Arabia,2019,NE.TRD.GNFS.ZS,56.7938204886513
SAU,Saudi Arabia,2019,NY.GDP.MKTP.CD,888890133333.333
SAU,Saudi Arabia,2019,NE.EXP.GNFS.ZS,32.159204977113
SAU,Saudi Arabia,2019,NE.IMP.GNFS.ZS,24.6346155115383
SAU,Saudi Arabia,2020,NE.TRD.GNFS.ZS,47.533159225048
SAU,Saudi Arabia,2020,NY.GDP.MKTP.CD,767951200000
SAU,Saudi Arabia,2020,NE.EXP.GNFS.ZS,23.8098115262185
SAU,Saudi Arabia,2020,NE.IMP.GNFS.ZS,23.7233476988295
SAU,Saudi Arabia,2021,NE.TRD.GNFS.ZS,50.8839263398787
SAU,Saudi Arabia,2021,NY.GDP.MKTP.CD,982661066666.667
SAU,Saudi Arabia,2021,NE.EXP.GNFS.ZS,29.1556614026837
SAU,Saudi Arabia,2021,NE.IMP.GNFS.ZS,21.728264937195
SAU,Saudi Arabia,2022,NE.TRD.GNFS.ZS,56.8241647749332
SAU,Saudi Arabia,2022,NY.GDP.MKTP.CD,1239075200000
SAU,Saudi Arabia,2022,NE.EXP.GNFS.ZS,35.9850098955522
SAU,Saudi Arabia,2022,NE.IMP.GNFS.ZS,20.839154879381
SAU,Saudi Arabia,2023,NE.TRD.GNFS.ZS,54.1690118283683
SAU,Saudi Arabia,2023,NY.GDP.MKTP.CD,1218584533333.33
SAU,Saudi Arabia,2023,NE.EXP.GNFS.ZS,30.2425196271434
SAU,Saudi Arabia,2023,NE.IMP.GNFS.ZS,23.9264922012249
SAU,Saudi Arabia,2024,NE.TRD.GNFS.ZS,54.6787052668733
SAU,Saudi Arabia,2024,NY.GDP.MKTP.CD,1239804533333.33
SAU,Saudi Arabia,2024,NE.EXP.GNFS.ZS,29.1092122693749
SAU,Saudi Arabia,2024,NE.IMP.GNFS.ZS,25.5694929974983
TUR,Turkiye,1995,NE.TRD.GNFS.ZS,35.9924804952774
TUR,Turkiye,1995,NY.GDP.MKTP.CD,234699627004.035
TUR,Turkiye,1995,NE.EXP.GNFS.ZS,18.3238507569896
TUR,Turkiye,1995,NE.IMP.GNFS.ZS,17.6686297382878
TUR,Turkiye,1996,NE.TRD.GNFS.ZS,39.6477180344549
TUR,Turkiye,1996,NY.GDP.MKTP.CD,250366965174.129
TUR,Turkiye,1996,NE.EXP.GNFS.ZS,19.5581113911938
TUR,Turkiye,1996,NE.IMP.GNFS.ZS,20.0896066432611
TUR,Turkiye,1997,NE.TRD.GNFS.ZS,42.7610666826994
TUR,Turkiye,1997,NY.GDP.MKTP.CD,263817553748.395
TUR,Turkiye,1997,NE.EXP.GNFS.ZS,21.4390354082889
TUR,Turkiye,1997,NE.IMP.GNFS.ZS,21.3220312744105
TUR,Turkiye,1998,NE.TRD.GNFS.ZS,40.3769887377902
TUR,Turkiye,1998,NY.GDP.MKTP.CD,276035372654.608
TUR,Turkiye,1998,NE.EXP.GNFS.ZS,20.6544822015948
TUR,Turkiye,1998,NE.IMP.GNFS.ZS,19.7225065361954
TUR,Turkiye,1999,NE.TRD.GNFS.ZS,37.6665043273244
TUR,Turkiye,1999,NY.GDP.MKTP.CD,256673939247.773
TUR,Turkiye,1999,NE.EXP.GNFS.ZS,18.8307575753475
TUR,Turkiye,1999,NE.IMP.GNFS.ZS,18.8357467519768
TUR,Turkiye,2000,NE.TRD.GNFS.ZS,42.3746746988077
TUR,Turkiye,2000,NY.GDP.MKTP.CD,274748463178.502
TUR,Turkiye,2000,NE.EXP.GNFS.ZS,19.9334162657424
TUR,Turkiye,2000,NE.IMP.GNFS.ZS,22.4412584330653
TUR,Turkiye,2001,NE.TRD.GNFS.ZS,49.9447830679013
TUR,Turkiye,2001,NY.GDP.MKTP.CD,202195080239.036
TUR,Turkiye,2001,NE.EXP.GNFS.ZS,27.2970601933763
TUR,Turkiye,2001,NE.IMP.GNFS.ZS,22.6477228745251
TUR,Turkiye,2002,NE.TRD.GNFS.ZS,48.1026101234402
TUR,Turkiye,2002,NY.GDP.MKTP.CD,240778008473.845
TUR,Turkiye,2002,NE.EXP.GNFS.ZS,25.2651261294128
TUR,Turkiye,2002,NE.IMP.GNFS.ZS,22.8374839940274
TUR,Turkiye,2003,NE.TRD.GNFS.ZS,46.3681553387846
TUR,Turkiye,2003,NY.GDP.MKTP.CD,315392899922.379
TUR,Turkiye,2003,NE.EXP.GNFS.ZS,23.1946607252779
TUR,Turkiye,2003,NE.IMP.GNFS.ZS,23.1734946135067
TUR,Turkiye,2004,NE.TRD.GNFS.ZS,48.9934575435266
TUR,Turkiye,2004,NY.GDP.MKTP.CD,410156784495.948
TUR,Turkiye,2004,NE.EXP.GNFS.ZS,23.8544386839448
TUR,Turkiye,2004,NE.IMP.GNFS.ZS,25.1390188595817
TUR,Turkiye,2005,NE.TRD.GNFS.ZS,46.3088308846211
TUR,Turkiye,2005,NY.GDP.MKTP.CD,508314210212.544
TUR,Turkiye,2005,NE.EXP.GNFS.ZS,22.118798245903
TUR,Turkiye,2005,NE.IMP.GNFS.ZS,24.1900326387181
TUR,Turkiye,2006,NE.TRD.GNFS.ZS,48.9456766641314
TUR,Turkiye,2006,NY.GDP.MKTP.CD,559668118237.002
TUR,Turkiye,2006,NE.EXP.GNFS.ZS,22.6756853295786
TUR,Turkiye,2006,NE.IMP.GNFS.ZS,26.2699913345528
TUR,Turkiye,2007,NE.TRD.GNFS.ZS,48.027468179713
TUR,Turkiye,2007,NY.GDP.MKTP.CD,685228481017.03
TUR,Turkiye,2007,NE.EXP.GNFS.ZS,22.1875803331528
TUR,Turkiye,2007,NE.IMP.GNFS.ZS,25.8398878465602
TUR,Turkiye,2008,NE.TRD.GNFS.ZS,50.7612500066681
TUR,Turkiye,2008,NY.GDP.MKTP.CD,775415944332.866
TUR,Turkiye,2008,NE.EXP.GNFS.ZS,23.9213779600098
TUR,Turkiye,2008,NE.IMP.GNFS.ZS,26.8398720466583
TUR,Turkiye,2009,NE.TRD.GNFS.ZS,47.0391385732199
TUR,Turkiye,2009,NY.GDP.MKTP.CD,653894449921.288
TUR,Turkiye,2009,NE.EXP.GNFS.ZS,23.7578595278795
TUR,Turkiye,2009,NE.IMP.GNFS.ZS,23.2812790453404
TUR,Turkiye,2010,NE.TRD.GNFS.ZS,46.9433366709891
TUR,Turkiye,2010,NY.GDP.MKTP.CD,782545664268.333
TUR,Turkiye,2010,NE.EXP.GNFS.ZS,21.5899457839207
TUR,Turkiye,2010,NE.IMP.GNFS.ZS,25.3533908870685
TUR,Turkiye,2011,NE.TRD.GNFS.ZS,53.651583897618
TUR,Turkiye,2011,NY.GDP.MKTP.CD,844192507380.795
TUR,Turkiye,2011,NE.EXP.GNFS.ZS,23.4903574412774
TUR,Turkiye,2011,NE.IMP.GNFS.ZS,30.1612264563406
TUR,Turkiye,2012,NE.TRD.GNFS.ZS,53.3277612968607
TUR,Turkiye,2012,NY.GDP.MKTP.CD,885327622479.052
TUR,Turkiye,2012,NE.EXP.GNFS.ZS,24.9658181147838
TUR,Turkiye,2012,NE.IMP.GNFS.ZS,28.3619431820769
TUR,Turkiye,2013,NE.TRD.GNFS.ZS,53.0683530043043
TUR,Turkiye,2013,NY.GDP.MKTP.CD,962167643588.925
TUR,Turkiye,2013,NE.EXP.GNFS.ZS,24.403259811358
TUR,Turkiye,2013,NE.IMP.GNFS.ZS,28.6650931929463
TUR,Turkiye,2014,NE.TRD.GNFS.ZS,54.30677404128
TUR,Turkiye,2014,NY.GDP.MKTP.CD,942343431928.654
TUR,Turkiye,2014,NE.EXP.GNFS.ZS,25.8173246854016
TUR,Turkiye,2014,NE.IMP.GNFS.ZS,28.4894493558784
TUR,Turkiye,2015,NE.TRD.GNFS.ZS,51.8749252596832
TUR,Turkiye,2015,NY.GDP.MKTP.CD,865460050683.656
TUR,Turkiye,2015,NE.EXP.GNFS.ZS,25.280784580735
TUR,Turkiye,2015,NE.IMP.GNFS.ZS,26.5941406789482
TUR,Turkiye,2016,NE.TRD.GNFS.ZS,48.870183807987
TUR,Turkiye,2016,NY.GDP.MKTP.CD,870818016909.84
TUR,Turkiye,2016,NE.EXP.GNFS.ZS,23.6322024334399
TUR,Turkiye,2016,NE.IMP.GNFS.ZS,25.2379813745471
TUR,Turkiye,2017,NE.TRD.GNFS.ZS,56.1356585158689
TUR,Turkiye,2017,NY.GDP.MKTP.CD,863874522365.276
TUR,Turkiye,2017,NE.EXP.GNFS.ZS,26.5394989930636
TUR,Turkiye,2017,NE.IMP.GNFS.ZS,29.5961595228053
TUR,Turkiye,2018,NE.TRD.GNFS.ZS,62.8251323851165
TUR,Turkiye,2018,NY.GDP.MKTP.CD,788356985773.667
TUR,Turkiye,2018,NE.EXP.GNFS.ZS,31.7278536539697
TUR,Turkiye,2018,NE.IMP.GNFS.ZS,31.0972787311468
TUR,Turkiye,2019,NE.TRD.GNFS.ZS,62.5784589326239
TUR,Turkiye,2019,NY.GDP.MKTP.CD,775853144222.613
TUR,Turkiye,2019,NE.EXP.GNFS.ZS,33.0298811646869
TUR,Turkiye,2019,NE.IMP.GNFS.ZS,29.548577767937
TUR,Turkiye,2020,NE.TRD.GNFS.ZS,60.389853117297
TUR,Turkiye,2020,NY.GDP.MKTP.CD,733628247119.077
TUR,Turkiye,2020,NE.EXP.GNFS.ZS,28.7400043468285
TUR,Turkiye,2020,NE.IMP.GNFS.ZS,31.6498487704686
TUR,Turkiye,2021,NE.TRD.GNFS.ZS,69.6088976086437
TUR,Turkiye,2021,NY.GDP.MKTP.CD,839938668172.134
TUR,Turkiye,2021,NE.EXP.GNFS.ZS,35.0536332850518
TUR,Turkiye,2021,NE.IMP.GNFS.ZS,34.5552643235919
TUR,Turkiye,2022,NE.TRD.GNFS.ZS,79.8982722314341
TUR,Turkiye,2022,NY.GDP.MKTP.CD,926097476913.818
TUR,Turkiye,2022,NE.EXP.GNFS.ZS,38.1412107474416
TUR,Turkiye,2022,NE.IMP.GNFS.ZS,41.7570614839925
TUR,Turkiye,2023,NE.TRD.GNFS.ZS,65.6832084738667
TUR,Turkiye,2023,NY.GDP.MKTP.CD,1141242864657.45
TUR,Turkiye,2023,NE.EXP.GNFS.ZS,31.9135926809724
TUR,Turkiye,2023,NE.IMP.GNFS.ZS,33.7696157928943
TUR,Turkiye,2024,NE.TRD.GNFS.ZS,54.5988061195916
TUR,Turkiye,2024,NY.GDP.MKTP.CD,1359123768774.12
TUR,Turkiye,2024,NE.EXP.GNFS.ZS,27.5682232095509
TUR,Turkiye,2024,NE.IMP.GNFS.ZS,27.0305829100406
ARE,United Arab Emirates,1995,NY.GDP.MKTP.CD,65743666575.8649
ARE,United Arab Emirates,1996,NY.GDP.MKTP.CD,73571233996.1863
ARE,United Arab Emirates,1997,NY.GDP.MKTP.CD,78839008444.5655
ARE,United Arab Emirates,1998,NY.GDP.MKTP.CD,75674336283.1858
ARE,United Arab Emirates,1999,NY.GDP.MKTP.CD,84445473110.9598
ARE,United Arab Emirates,2000,NY.GDP.MKTP.CD,104337372362.151
ARE,United Arab Emirates,2001,NE.TRD.GNFS.ZS,89.8645799289427
ARE,United Arab Emirates,2001,NY.GDP.MKTP.CD,103311640571.818
ARE,United Arab Emirates,2001,NE.EXP.GNFS.ZS,49.1592253276122
ARE,United Arab Emirates,2001,NE.IMP.GNFS.ZS,40.7053546013305
ARE,United Arab Emirates,2002,NE.TRD.GNFS.ZS,93.0716588147781
ARE,United Arab Emirates,2002,NY.GDP.MKTP.CD,109816201497.617
ARE,United Arab Emirates,2002,NE.EXP.GNFS.ZS,49.5033473840813
ARE,United Arab Emirates,2002,NE.IMP.GNFS.ZS,43.5683114306968
ARE,United Arab Emirates,2003,NE.TRD.GNFS.ZS,102.300169490783
ARE,United Arab Emirates,2003,NY.GDP.MKTP.CD,124346358066.712
ARE,United Arab Emirates,2003,NE.EXP.GNFS.ZS,55.9231992151745
ARE,United Arab Emirates,2003,NE.IMP.GNFS.ZS,46.3769702756087
ARE,United Arab Emirates,2004,NE.TRD.GNFS.ZS,116.622612523831
ARE,United Arab Emirates,2004,NY.GDP.MKTP.CD,147824370319.946
ARE,United Arab Emirates,2004,NE.EXP.GNFS.ZS,63.5677298138648
ARE,United Arab Emirates,2004,NE.IMP.GNFS.ZS,53.0548827099662
ARE,United Arab Emirates,2005,NE.TRD.GNFS.ZS,119.552871642254
ARE,United Arab Emirates,2005,NY.GDP.MKTP.CD,180617467964.602
ARE,United Arab Emirates,2005,NE.EXP.GNFS.ZS,67.5853113898841
ARE,United Arab Emirates,2005,NE.IMP.GNFS.ZS,51.9675602523703
ARE,United Arab Emirates,2006,NE.TRD.GNFS.ZS,119.470669577786
ARE,United Arab Emirates,2006,NY.GDP.MKTP.CD,222116541865.214
ARE,United Arab Emirates,2006,NE.EXP.GNFS.ZS,68.6277976715135
ARE,United Arab Emirates,2006,NE.IMP.GNFS.ZS,50.8428719062721
ARE,United Arab Emirates,2007,NE.TRD.GNFS.ZS,136.798152865771
ARE,United Arab Emirates,2007,NY.GDP.MKTP.CD,257916133424.098
ARE,United Arab Emirates,2007,NE.EXP.GNFS.ZS,72.3840975003088
ARE,United Arab Emirates,2007,NE.IMP.GNFS.ZS,64.4140553654625
ARE,United Arab Emirates,2008,NE.TRD.GNFS.ZS,148.513544025723
ARE,United Arab Emirates,2008,NY.GDP.MKTP.CD,315474615738.598
ARE,United Arab Emirates,2008,NE.EXP.GNFS.ZS,78.86788870154
ARE,United Arab Emirates,2008,NE.IMP.GNFS.ZS,69.6456553241827
ARE,United Arab Emirates,2009,NE.TRD.GNFS.ZS,153.461944358373
ARE,United Arab Emirates,2009,NY.GDP.MKTP.CD,253547358747.447
ARE,United Arab Emirates,2009,NE.EXP.GNFS.ZS,79.6533178621862
ARE,United Arab Emirates,2009,NE.IMP.GNFS.ZS,73.8086264961866
ARE,United Arab Emirates,2010,NE.TRD.GNFS.ZS,135.485709128426
ARE,United Arab Emirates,2010,NY.GDP.MKTP.CD,307736419332.88
ARE,United Arab Emirates,2010,NE.EXP.GNFS.ZS,77.4455343570214
ARE,United Arab Emirates,2010,NE.IMP.GNFS.ZS,58.0401747714045
ARE,United Arab Emirates,2011,NE.TRD.GNFS.ZS,144.176786868982
ARE,United Arab Emirates,2011,NY.GDP.MKTP.CD,368881143635.126
ARE,United Arab Emirates,2011,NE.EXP.GNFS.ZS,85.628648366152
ARE,United Arab Emirates,2011,NE.IMP.GNFS.ZS,58.5481385028301
ARE,United Arab Emirates,2012,NE.TRD.GNFS.ZS,156.637694501481
ARE,United Arab Emirates,2012,NY.GDP.MKTP.CD,392793464942.138
ARE,United Arab Emirates,2012,NE.EXP.GNFS.ZS,95.6008662534124
ARE,United Arab Emirates,2012,NE.IMP.GNFS.ZS,61.036828248069
ARE,United Arab Emirates,2013,NE.TRD.GNFS.ZS,157.398083989641
ARE,United Arab Emirates,2013,NY.GDP.MKTP.CD,409632675289.313
ARE,United Arab Emirates,2013,NE.EXP.GNFS.ZS,95.7551835445394
ARE,United Arab Emirates,2013,NE.IMP.GNFS.ZS,61.6429004451015
ARE,United Arab Emirates,2014,NE.TRD.GNFS.ZS,159.515615057764
ARE,United Arab Emirates,2014,NY.GDP.MKTP.CD,424935874744.724
ARE,United Arab Emirates,2014,NE.EXP.GNFS.ZS,94.773856080155
ARE,United Arab Emirates,2014,NE.IMP.GNFS.ZS,64.7417589776089
ARE,United Arab Emirates,2015,NE.TRD.GNFS.ZS,164.286182737903
ARE,United Arab Emirates,2015,NY.GDP.MKTP.CD,381973042886.317
ARE,United Arab Emirates,2015,NE.EXP.GNFS.ZS,93.8625430925095
ARE,United Arab Emirates,2015,NE.IMP.GNFS.ZS,70.4236396453939
ARE,United Arab Emirates,2016,NE.TRD.GNFS.ZS,165.39501917458
ARE,United Arab Emirates,2016,NY.GDP.MKTP.CD,381717086453.37
ARE,United Arab Emirates,2016,NE.EXP.GNFS.ZS,94.4747534696859
ARE,United Arab Emirates,2016,NE.IMP.GNFS.ZS,70.9202657048941
ARE,United Arab Emirates,2017,NE.TRD.GNFS.ZS,165.476542469815
ARE,United Arab Emirates,2017,NY.GDP.MKTP.CD,403365010211.028
ARE,United Arab Emirates,2017,NE.EXP.GNFS.ZS,94.7373963619868
ARE,United Arab Emirates,2017,NE.IMP.GNFS.ZS,70.7391461078281
ARE,United Arab Emirates,2018,NE.TRD.GNFS.ZS,154.747005019293
ARE,United Arab Emirates,2018,NY.GDP.MKTP.CD,440560108917.631
ARE,United Arab Emirates,2018,NE.EXP.GNFS.ZS,90.8429581255868
ARE,United Arab Emirates,2018,NE.IMP.GNFS.ZS,63.9040468937061
ARE,United Arab Emirates,2019,NE.TRD.GNFS.ZS,163.822152944853
ARE,United Arab Emirates,2019,NY.GDP.MKTP.CD,433926208304.969
ARE,United Arab Emirates,2019,NE.EXP.GNFS.ZS,93.3023091201398
ARE,United Arab Emirates,2019,NE.IMP.GNFS.ZS,70.5198438247132
ARE,United Arab Emirates,2020,NE.TRD.GNFS.ZS,181.29188817064
ARE,United Arab Emirates,2020,NY.GDP.MKTP.CD,357161878829.135
ARE,United Arab Emirates,2020,NE.EXP.GNFS.ZS,98.0724675358339
ARE,United Arab Emirates,2020,NE.IMP.GNFS.ZS,83.2194206348057
ARE,United Arab Emirates,2021,NE.TRD.GNFS.ZS,182.909355066597
ARE,United Arab Emirates,2021,NY.GDP.MKTP.CD,422441388699.796
ARE,United Arab Emirates,2021,NE.EXP.GNFS.ZS,100.642574267637
ARE,United Arab Emirates,2021,NE.IMP.GNFS.ZS,82.2667807989604
ARE,United Arab Emirates,2022,NE.TRD.GNFS.ZS,185.741660982819
ARE,United Arab Emirates,2022,NY.GDP.MKTP.CD,511403403675.97
ARE,United Arab Emirates,2022,NE.EXP.GNFS.ZS,102.051988974133
ARE,United Arab Emirates,2022,NE.IMP.GNFS.ZS,83.6896720086852
ARE,United Arab Emirates,2023,NE.TRD.GNFS.ZS,199.044979237546
ARE,United Arab Emirates,2023,NY.GDP.MKTP.CD,522622191967.325
ARE,United Arab Emirates,2023,NE.EXP.GNFS.ZS,106.846139017261
ARE,United Arab Emirates,2023,NE.IMP.GNFS.ZS,92.1988402202852
ARE,United Arab Emirates,2024,NY.GDP.MKTP.CD,552324846834.581
GBR,United Kingdom,1995,NE.TRD.GNFS.ZS,50.8300766971451
GBR,United Kingdom,1995,NY.GDP.MKTP.CD,1349094208616.06
GBR,United Kingdom,1995,NE.EXP.GNFS.ZS,25.6967602854533
GBR,United Kingdom,1995,NE.IMP.GNFS.ZS,25.1333164116918
GBR,United Kingdom,1996,NE.TRD.GNFS.ZS,52.0576088895797
GBR,United Kingdom,1996,NY.GDP.MKTP.CD,1425287051482.06
GBR,United Kingdom,1996,NE.EXP.GNFS.ZS,26.2671449164796
GBR,United Kingdom,1996,NE.IMP.GNFS.ZS,25.7904639731001
GBR,United Kingdom,1997,NE.TRD.GNFS.ZS,50.7045618383811
GBR,United Kingdom,1997,NY.GDP.MKTP.CD,1569317288801.57
GBR,United Kingdom,1997,NE.EXP.GNFS.ZS,25.6189888987303
GBR,United Kingdom,1997,NE.IMP.GNFS.ZS,25.0855729396509
GBR,United Kingdom,1998,NE.TRD.GNFS.ZS,49.1409088914683
GBR,United Kingdom,1998,NY.GDP.MKTP.CD,1660821464060.95
GBR,United Kingdom,1998,NE.EXP.GNFS.ZS,24.3214027865864
GBR,United Kingdom,1998,NE.IMP.GNFS.ZS,24.8195061048819
GBR,United Kingdom,1999,NE.TRD.GNFS.ZS,49.4683905163429
GBR,United Kingdom,1999,NY.GDP.MKTP.CD,1693458987218.9
GBR,United Kingdom,1999,NE.EXP.GNFS.ZS,24.2105152537386
GBR,United Kingdom,1999,NE.IMP.GNFS.ZS,25.2578752626043
GBR,United Kingdom,2000,NE.TRD.GNFS.ZS,52.3380212335903
GBR,United Kingdom,2000,NY.GDP.MKTP.CD,1671597821152.97
GBR,United Kingdom,2000,NE.EXP.GNFS.ZS,25.5563430576261
GBR,United Kingdom,2000,NE.IMP.GNFS.ZS,26.7816781759642
GBR,United Kingdom,2001,NE.TRD.GNFS.ZS,52.6342367336438
GBR,United Kingdom,2001,NY.GDP.MKTP.CD,1656171009068.66
GBR,United Kingdom,2001,NE.EXP.GNFS.ZS,25.4493099773846
GBR,United Kingdom,2001,NE.IMP.GNFS.ZS,27.1849267562592
GBR,United Kingdom,2002,NE.TRD.GNFS.ZS,51.2361820991323
GBR,United Kingdom,2002,NY.GDP.MKTP.CD,1790536570743.41
GBR,United Kingdom,2002,NE.EXP.GNFS.ZS,24.4315052325124
GBR,United Kingdom,2002,NE.IMP.GNFS.ZS,26.8046768666199
GBR,United Kingdom,2003,NE.TRD.GNFS.ZS,50.0681187039704
GBR,United Kingdom,2003,NY.GDP.MKTP.CD,2061227755102.04
GBR,United Kingdom,2003,NE.EXP.GNFS.ZS,23.9686749011091
GBR,United Kingdom,2003,NE.IMP.GNFS.ZS,26.0994438028613
GBR,United Kingdom,2004,NE.TRD.GNFS.ZS,50.2885521756133
GBR,United Kingdom,2004,NY.GDP.MKTP.CD,2429774807762.72
GBR,United Kingdom,2004,NE.EXP.GNFS.ZS,23.9845291728171
GBR,United Kingdom,2004,NE.IMP.GNFS.ZS,26.3040230027962
GBR,United Kingdom,2005,NE.TRD.GNFS.ZS,52.5442740383211
GBR,United Kingdom,2005,NY.GDP.MKTP.CD,2551361818181.82
GBR,United Kingdom,2005,NE.EXP.GNFS.ZS,25.2070017509366
GBR,United Kingdom,2005,NE.IMP.GNFS.ZS,27.3372722873845
GBR,United Kingdom,2006,NE.TRD.GNFS.ZS,56.7047791729812
GBR,United Kingdom,2006,NY.GDP.MKTP.CD,2719558417663.29
GBR,United Kingdom,2006,NE.EXP.GNFS.ZS,27.412859926391
GBR,United Kingdom,2006,NE.IMP.GNFS.ZS,29.2919192465902
GBR,United Kingdom,2007,NE.TRD.GNFS.ZS,52.7493524964733
GBR,United Kingdom,2007,NY.GDP.MKTP.CD,3104699879951.98
GBR,United Kingdom,2007,NE.EXP.GNFS.ZS,25.4079803883281
GBR,United Kingdom,2007,NE.IMP.GNFS.ZS,27.3413721081452
GBR,United Kingdom,2008,NE.TRD.GNFS.ZS,56.4365501052604
GBR,United Kingdom,2008,NY.GDP.MKTP.CD,2945251838235.29
GBR,United Kingdom,2008,NE.EXP.GNFS.ZS,27.3794373670982
GBR,United Kingdom,2008,NE.IMP.GNFS.ZS,29.0571127381622
GBR,United Kingdom,2009,NE.TRD.GNFS.ZS,54.6537301085991
GBR,United Kingdom,2009,NY.GDP.MKTP.CD,2429358155475.93
GBR,United Kingdom,2009,NE.EXP.GNFS.ZS,26.7073659504747
GBR,United Kingdom,2009,NE.IMP.GNFS.ZS,27.9463641581244
GBR,United Kingdom,2010,NE.TRD.GNFS.ZS,59.0511802227821
GBR,United Kingdom,2010,NY.GDP.MKTP.CD,2496740681057.14
GBR,United Kingdom,2010,NE.EXP.GNFS.ZS,28.7463664387355
GBR,United Kingdom,2010,NE.IMP.GNFS.ZS,30.3048137840466
GBR,United Kingdom,2011,NE.TRD.GNFS.ZS,63.3240615708901
GBR,United Kingdom,2011,NY.GDP.MKTP.CD,2675590034128.66
GBR,United Kingdom,2011,NE.EXP.GNFS.ZS,31.2649218986254
GBR,United Kingdom,2011,NE.IMP.GNFS.ZS,32.0591396722646
GBR,United Kingdom,2012,NE.TRD.GNFS.ZS,61.9688704472535
GBR,United Kingdom,2012,NY.GDP.MKTP.CD,2719715961539.83
GBR,United Kingdom,2012,NE.EXP.GNFS.ZS,30.4995388300455
GBR,United Kingdom,2012,NE.IMP.GNFS.ZS,31.469331617208
GBR,United Kingdom,2013,NE.TRD.GNFS.ZS,61.7195395154583
GBR,United Kingdom,2013,NY.GDP.MKTP.CD,2796908333283.39
GBR,United Kingdom,2013,NE.EXP.GNFS.ZS,30.2076160154538
GBR,United Kingdom,2013,NE.IMP.GNFS.ZS,31.5119235000045
GBR,United Kingdom,2014,NE.TRD.GNFS.ZS,58.8210228333296
GBR,United Kingdom,2014,NY.GDP.MKTP.CD,3085362169410.29
GBR,United Kingdom,2014,NE.EXP.GNFS.ZS,28.5320090066163
GBR,United Kingdom,2014,NE.IMP.GNFS.ZS,30.2890138267133
GBR,United Kingdom,2015,NE.TRD.GNFS.ZS,57.125044605439
GBR,United Kingdom,2015,NY.GDP.MKTP.CD,2945579890258.46
GBR,United Kingdom,2015,NE.EXP.GNFS.ZS,27.8790736176463
GBR,United Kingdom,2015,NE.IMP.GNFS.ZS,29.2459709877926
GBR,United Kingdom,2016,NE.TRD.GNFS.ZS,59.8395315138259
GBR,United Kingdom,2016,NY.GDP.MKTP.CD,2706807606538.73
GBR,United Kingdom,2016,NE.EXP.GNFS.ZS,29.0615561502528
GBR,United Kingdom,2016,NE.IMP.GNFS.ZS,30.7779753635731
GBR,United Kingdom,2017,NE.TRD.GNFS.ZS,63.1899245764158
GBR,United Kingdom,2017,NY.GDP.MKTP.CD,2699118387873.1
GBR,United Kingdom,2017,NE.EXP.GNFS.ZS,30.9738310965649
GBR,United Kingdom,2017,NE.IMP.GNFS.ZS,32.216093479851
GBR,United Kingdom,2018,NE.TRD.GNFS.ZS,64.9097721959201
GBR,United Kingdom,2018,NY.GDP.MKTP.CD,2897028009916.05
GBR,United Kingdom,2018,NE.EXP.GNFS.ZS,31.854534000688
GBR,United Kingdom,2018,NE.IMP.GNFS.ZS,33.0552381952321
GBR,United Kingdom,2019,NE.TRD.GNFS.ZS,65.0035664177054
GBR,United Kingdom,2019,NY.GDP.MKTP.CD,2875710080015.3
GBR,United Kingdom,2019,NE.EXP.GNFS.ZS,31.9028602803155
GBR,United Kingdom,2019,NE.IMP.GNFS.ZS,33.1007061373899
GBR,United Kingdom,2020,NE.TRD.GNFS.ZS,59.1598893030611
GBR,United Kingdom,2020,NY.GDP.MKTP.CD,2724001478304.59
GBR,United Kingdom,2020,NE.EXP.GNFS.ZS,29.9486520576829
GBR,United Kingdom,2020,NE.IMP.GNFS.ZS,29.2112372453782
GBR,United Kingdom,2021,NE.TRD.GNFS.ZS,58.53838629291
GBR,United Kingdom,2021,NY.GDP.MKTP.CD,3194559188925.93
GBR,United Kingdom,2021,NE.EXP.GNFS.ZS,29.2894071087705
GBR,United Kingdom,2021,NE.IMP.GNFS.ZS,29.2489791841395
GBR,United Kingdom,2022,NE.TRD.GNFS.ZS,69.1989264413981
GBR,United Kingdom,2022,NY.GDP.MKTP.CD,3181244350465.41
GBR,United Kingdom,2022,NE.EXP.GNFS.ZS,34.0619283837069
GBR,United Kingdom,2022,NE.IMP.GNFS.ZS,35.1369980576912
GBR,United Kingdom,2023,NE.TRD.GNFS.ZS,64.9923841747803
GBR,United Kingdom,2023,NY.GDP.MKTP.CD,3420796653789.08
GBR,United Kingdom,2023,NE.EXP.GNFS.ZS,31.9122697629938
GBR,United Kingdom,2023,NE.IMP.GNFS.ZS,33.0801144117865
GBR,United Kingdom,2024,NE.TRD.GNFS.ZS,62.8401605267118
GBR,United Kingdom,2024,NY.GDP.MKTP.CD,3686033044482.13
GBR,United Kingdom,2024,NE.EXP.GNFS.ZS,30.9841588401688
GBR,United Kingdom,2024,NE.IMP.GNFS.ZS,31.856001686543
USA,United States,1995,NE.TRD.GNFS.ZS,22.4533816490568
USA,United States,1995,NY.GDP.MKTP.CD,7639749000000
USA,United States,1995,NE.EXP.GNFS.ZS,10.639223880261
USA,United States,1995,NE.IMP.GNFS.ZS,11.8141577687958
USA,United States,1996,NE.TRD.GNFS.ZS,22.6870719902412
USA,United States,1996,NY.GDP.MKTP.CD,8073122000000
USA,United States,1996,NE.EXP.GNFS.ZS,10.7466355642836
USA,United States,1996,NE.IMP.GNFS.ZS,11.9404364259576
USA,United States,1997,NE.TRD.GNFS.ZS,23.4283210916839
USA,United States,1997,NY.GDP.MKTP.CD,8577554457000
USA,United States,1997,NE.EXP.GNFS.ZS,11.1197545265553
USA,United States,1997,NE.IMP.GNFS.ZS,12.3085665651286
USA,United States,1998,NE.TRD.GNFS.ZS,22.8258909523693
USA,United States,1998,NY.GDP.MKTP.CD,9062818202000
USA,United States,1998,NE.EXP.GNFS.ZS,10.5152611335588
USA,United States,1998,NE.IMP.GNFS.ZS,12.3106298188105
USA,United States,1999,NE.TRD.GNFS.ZS,23.3135637046602
USA,United States,1999,NY.GDP.MKTP.CD,9631174489000
USA,United States,1999,NE.EXP.GNFS.ZS,10.309334558667
USA,United States,1999,NE.IMP.GNFS.ZS,13.0042291459932
USA,United States,2000,NE.TRD.GNFS.ZS,25.1029953595813
USA,United States,2000,NY.GDP.MKTP.CD,10250947997000
USA,United States,2000,NE.EXP.GNFS.ZS,10.6927769053241
USA,United States,2000,NE.IMP.GNFS.ZS,14.4102184542572
USA,United States,2001,NE.TRD.GNFS.ZS,22.967181335596
USA,United States,2001,NY.GDP.MKTP.CD,10581929774000
USA,United States,2001,NE.EXP.GNFS.ZS,9.70344749898923
USA,United States,2001,NE.IMP.GNFS.ZS,13.2637338366067
USA,United States,2002,NE.TRD.GNFS.ZS,22.2863741094897
USA,United States,2002,NY.GDP.MKTP.CD,10929112955000
USA,United States,2002,NE.EXP.GNFS.ZS,9.131381513844
USA,United States,2002,NE.IMP.GNFS.ZS,13.1549925956457
USA,United States,2003,NE.TRD.GNFS.ZS,22.6273130062789
USA,United States,2003,NY.GDP.MKTP.CD,11456442041000
USA,United States,2003,NE.EXP.GNFS.ZS,9.03565868264667
USA,United States,2003,NE.IMP.GNFS.ZS,13.5916543236323
USA,United States,2004,NE.TRD.GNFS.ZS,24.4480622643257
USA,United States,2004,NY.GDP.MKTP.CD,12217193198000
USA,United States,2004,NE.EXP.GNFS.ZS,9.62875008142275
USA,United States,2004,NE.IMP.GNFS.ZS,14.8193121829029
USA,United States,2005,NE.TRD.GNFS.ZS,25.6385530316517
USA,United States,2005,NY.GDP.MKTP.CD,13039199193000
USA,United States,2005,NE.EXP.GNFS.ZS,9.98205473154167
USA,United States,2005,NE.IMP.GNFS.ZS,15.65649830011
USA,United States,2006,NE.TRD.GNFS.ZS,26.9752780973197
USA,United States,2006,NY.GDP.MKTP.CD,13815586948000
USA,United States,2006,NE.EXP.GNFS.ZS,10.641386468295
USA,United States,2006,NE.IMP.GNFS.ZS,16.3338916290247
USA,United States,2007,NE.TRD.GNFS.ZS,28.0120176822667
USA,United States,2007,NY.GDP.MKTP.CD,14474226905000
USA,United States,2007,NE.EXP.GNFS.ZS,11.4637901622698
USA,United States,2007,NE.IMP.GNFS.ZS,16.5482275199969
USA,United States,2008,NE.TRD.GNFS.ZS,29.8677957945319
USA,United States,2008,NY.GDP.MKTP.CD,14769857911000
USA,United States,2008,NE.EXP.GNFS.ZS,12.4258473646734
USA,United States,2008,NE.IMP.GNFS.ZS,17.4419484298585
USA,United States,2009,NE.TRD.GNFS.ZS,24.7595311689876
USA,United States,2009,NY.GDP.MKTP.CD,14478064934000
USA,United States,2009,NE.EXP.GNFS.ZS,10.9322206193664
USA,United States,2009,NE.IMP.GNFS.ZS,13.8273105496213
USA,United States,2010,NE.TRD.GNFS.ZS,28.2198952346731
USA,United States,2010,NY.GDP.MKTP.CD,15048964444000
USA,United States,2010,NE.EXP.GNFS.ZS,12.3413608086534
USA,United States,2010,NE.IMP.GNFS.ZS,15.8785344260197
USA,United States,2011,NE.TRD.GNFS.ZS,30.8424862411943
USA,United States,2011,NY.GDP.MKTP.CD,15599728123000
USA,United States,2011,NE.EXP.GNFS.ZS,13.5634671535102
USA,United States,2011,NE.IMP.GNFS.ZS,17.2790190876841
USA,United States,2012,NE.TRD.GNFS.ZS,30.6818353657295
USA,United States,2012,NY.GDP.MKTP.CD,16253972230000
USA,United States,2012,NE.EXP.GNFS.ZS,13.6440493967794
USA,United States,2012,NE.IMP.GNFS.ZS,17.0377859689502
USA,United States,2013,NE.TRD.GNFS.ZS,30.0079539684645
USA,United States,2013,NY.GDP.MKTP.CD,16843190993000
USA,United States,2013,NE.EXP.GNFS.ZS,13.5836612014366
USA,United States,2013,NE.IMP.GNFS.ZS,16.4242927670279
USA,United States,2014,NE.TRD.GNFS.ZS,30.0044781614855
USA,United States,2014,NY.GDP.MKTP.CD,17550680174000
USA,United States,2014,NE.EXP.GNFS.ZS,13.5524377198989
USA,United States,2014,NE.IMP.GNFS.ZS,16.4520404415866
USA,United States,2015,NE.TRD.GNFS.ZS,27.8235649187872
USA,United States,2015,NY.GDP.MKTP.CD,18206020741000
USA,United States,2015,NE.EXP.GNFS.ZS,12.4718192531032
USA,United States,2015,NE.IMP.GNFS.ZS,15.351745665684
USA,United States,2016,NE.TRD.GNFS.ZS,26.6079620604584
USA,United States,2016,NY.GDP.MKTP.CD,18695110842000
USA,United States,2016,NE.EXP.GNFS.ZS,11.957982056879
USA,United States,2016,NE.IMP.GNFS.ZS,14.6499800035794
USA,United States,2017,NE.TRD.GNFS.ZS,27.3130208877206
USA,United States,2017,NY.GDP.MKTP.CD,19477336549000
USA,United States,2017,NE.EXP.GNFS.ZS,12.2617381180006
USA,United States,2017,NE.IMP.GNFS.ZS,15.0512827697199
USA,United States,2018,NE.TRD.GNFS.ZS,27.6103792720958
USA,United States,2018,NY.GDP.MKTP.CD,20533057312000
USA,United States,2018,NE.EXP.GNFS.ZS,12.3609892157496
USA,United States,2018,NE.IMP.GNFS.ZS,15.2493900563462
USA,United States,2019,NE.TRD.GNFS.ZS,26.4537594940475
USA,United States,2019,NY.GDP.MKTP.CD,21380976119000
USA,United States,2019,NE.EXP.GNFS.ZS,11.8768712235892
USA,United States,2019,NE.IMP.GNFS.ZS,14.5768882704583
USA,United States,2020,NE.TRD.GNFS.ZS,23.4015629969394
USA,United States,2020,NY.GDP.MKTP.CD,21060473613000
USA,United States,2020,NE.EXP.GNFS.ZS,10.2141055302392
USA,United States,2020,NE.IMP.GNFS.ZS,13.1874574667002
USA,United States,2021,NE.TRD.GNFS.ZS,25.6095576621932
USA,United States,2021,NY.GDP.MKTP.CD,23315080560000
USA,United States,2021,NE.EXP.GNFS.ZS,10.9604167715559
USA,United States,2021,NE.IMP.GNFS.ZS,14.6491408906374
USA,United States,2022,NE.TRD.GNFS.ZS,27.3139397355363
USA,United States,2022,NY.GDP.MKTP.CD,25604848907611
USA,United States,2022,NE.EXP.GNFS.ZS,11.7844046293243
USA,United States,2022,NE.IMP.GNFS.ZS,15.529535106212
USA,United States,2023,NE.TRD.GNFS.ZS,25.2903297883366
USA,United States,2023,NY.GDP.MKTP.CD,27292170793214.4
USA,United States,2023,NE.EXP.GNFS.ZS,11.1844126402687
USA,United States,2023,NE.IMP.GNFS.ZS,14.1059171480679
USA,United States,2024,NE.TRD.GNFS.ZS,25.3786342507088
USA,United States,2024,NY.GDP.MKTP.CD,28750956130731.2
USA,United States,2024,NE.EXP.GNFS.ZS,11.1074566893674
USA,United States,2024,NE.IMP.GNFS.ZS,14.2711775613413
WLD,World,1995,NE.TRD.GNFS.ZS,42.9284704406154
WLD,World,1995,NY.GDP.MKTP.CD,31245419629026
WLD,World,1995,NE.EXP.GNFS.ZS,20.6473250710944
WLD,World,1995,NE.IMP.GNFS.ZS,20.1787728286381
WLD,World,1996,NE.TRD.GNFS.ZS,43.0445299864414
WLD,World,1996,NY.GDP.MKTP.CD,31968950237590.7
WLD,World,1996,NE.EXP.GNFS.ZS,21.0846863643142
WLD,World,1996,NE.IMP.GNFS.ZS,20.6717068433067
WLD,World,1997,NE.TRD.GNFS.ZS,44.8358797233114
WLD,World,1997,NY.GDP.MKTP.CD,31870560107975.7
WLD,World,1997,NE.EXP.GNFS.ZS,21.9475420950511
WLD,World,1997,NE.IMP.GNFS.ZS,21.4088555780169
WLD,World,1998,NE.TRD.GNFS.ZS,45.4565290032172
WLD,World,1998,NY.GDP.MKTP.CD,31733749169046.7
WLD,World,1998,NE.EXP.GNFS.ZS,21.7871230250333
WLD,World,1998,NE.IMP.GNFS.ZS,21.3725203183817
WLD,World,1999,NE.TRD.GNFS.ZS,45.9195943612382
WLD,World,1999,NY.GDP.MKTP.CD,32782827769545.3
WLD,World,1999,NE.EXP.GNFS.ZS,21.8764945691588
WLD,World,1999,NE.IMP.GNFS.ZS,21.6139666302355
WLD,World,2000,NE.TRD.GNFS.ZS,50.3042044081245
WLD,World,2000,NY.GDP.MKTP.CD,33898156427205.9
WLD,World,2000,NE.EXP.GNFS.ZS,23.465314497536
WLD,World,2000,NE.IMP.GNFS.ZS,23.4126440214619
WLD,World,2001,NE.TRD.GNFS.ZS,49.1765384120151
WLD,World,2001,NY.GDP.MKTP.CD,33690417699612.7
WLD,World,2001,NE.EXP.GNFS.ZS,22.8706101918268
WLD,World,2001,NE.IMP.GNFS.ZS,22.913313443235
WLD,World,2002,NE.TRD.GNFS.ZS,49.1934640328003
WLD,World,2002,NY.GDP.MKTP.CD,34991525564916.9
WLD,World,2002,NE.EXP.GNFS.ZS,23.1167282054792
WLD,World,2002,NE.IMP.GNFS.ZS,22.9304547761721
WLD,World,2003,NE.TRD.GNFS.ZS,50.847305786992
WLD,World,2003,NY.GDP.MKTP.CD,39243276986261.9
WLD,World,2003,NE.EXP.GNFS.ZS,23.8620946261187
WLD,World,2003,NE.IMP.GNFS.ZS,23.6865981791323
WLD,World,2004,NE.TRD.GNFS.ZS,54.4024779622624
WLD,World,2004,NY.GDP.MKTP.CD,44225384449869.7
WLD,World,2004,NE.EXP.GNFS.ZS,25.72266966837
WLD,World,2004,NE.IMP.GNFS.ZS,25.4719036270624
WLD,World,2005,NE.TRD.GNFS.ZS,56.4475477827097
WLD,World,2005,NY.GDP.MKTP.CD,47900489808168.8
WLD,World,2005,NE.EXP.GNFS.ZS,26.9956835265631
WLD,World,2005,NE.IMP.GNFS.ZS,26.6660704538074
WLD,World,2006,NE.TRD.GNFS.ZS,58.5905535284741
WLD,World,2006,NY.GDP.MKTP.CD,51923507284496
WLD,World,2006,NE.EXP.GNFS.ZS,28.6412139448289
WLD,World,2006,NE.IMP.GNFS.ZS,28.1201193441278
WLD,World,2007,NE.TRD.GNFS.ZS,58.966375474231
WLD,World,2007,NY.GDP.MKTP.CD,58525785801185.8
WLD,World,2007,NE.EXP.GNFS.ZS,29.5693829800693
WLD,World,2007,NE.IMP.GNFS.ZS,28.9057481600728
WLD,World,2008,NE.TRD.GNFS.ZS,60.5698143010809
WLD,World,2008,NY.GDP.MKTP.CD,64311729364641.3
WLD,World,2008,NE.EXP.GNFS.ZS,30.7318264826165
WLD,World,2008,NE.IMP.GNFS.ZS,30.1637589947754
WLD,World,2009,NE.TRD.GNFS.ZS,52.0809900200333
WLD,World,2009,NY.GDP.MKTP.CD,60982255960004.4
WLD,World,2009,NE.EXP.GNFS.ZS,26.1664005952213
WLD,World,2009,NE.IMP.GNFS.ZS,25.5662168216021
WLD,World,2010,NE.TRD.GNFS.ZS,56.4159468717993
WLD,World,2010,NY.GDP.MKTP.CD,66811191491614.9
WLD,World,2010,NE.EXP.GNFS.ZS,28.4669433066351
WLD,World,2010,NE.IMP.GNFS.ZS,27.6578959419292
WLD,World,2011,NE.TRD.GNFS.ZS,59.5371105603304
WLD,World,2011,NY.GDP.MKTP.CD,74309709353789.3
WLD,World,2011,NE.EXP.GNFS.ZS,30.2537830718254
WLD,World,2011,NE.IMP.GNFS.ZS,29.4108781573917
WLD,World,2012,NE.TRD.GNFS.ZS,59.3502507190567
WLD,World,2012,NY.GDP.MKTP.CD,75960594595757
WLD,World,2012,NE.EXP.GNFS.ZS,30.0481202850047
WLD,World,2012,NE.IMP.GNFS.ZS,29.1381912579579
WLD,World,2013,NE.TRD.GNFS.ZS,58.7078861767085
WLD,World,2013,NY.GDP.MKTP.CD,78034892841179.1
WLD,World,2013,NE.EXP.GNFS.ZS,30.0630035970308
WLD,World,2013,NE.IMP.GNFS.ZS,29.1098741885409
WLD,World,2014,NE.TRD.GNFS.ZS,58.1300187518142
WLD,World,2014,NY.GDP.MKTP.CD,80054888775431.1
WLD,World,2014,NE.EXP.GNFS.ZS,29.7951092981908
WLD,World,2014,NE.IMP.GNFS.ZS,28.9113755415088
WLD,World,2015,NE.TRD.GNFS.ZS,55.7349858105449
WLD,World,2015,NY.GDP.MKTP.CD,75621913961646.1
WLD,World,2015,NE.EXP.GNFS.ZS,28.1279499982702
WLD,World,2015,NE.IMP.GNFS.ZS,27.3665653623812
WLD,World,2016,NE.TRD.GNFS.ZS,53.9114215972707
WLD,World,2016,NY.GDP.MKTP.CD,76831684012526.2
WLD,World,2016,NE.EXP.GNFS.ZS,27.1733448541393
WLD,World,2016,NE.IMP.GNFS.ZS,26.4261554720998
WLD,World,2017,NE.TRD.GNFS.ZS,55.5882472883587
WLD,World,2017,NY.GDP.MKTP.CD,81839102917044.7
WLD,World,2017,NE.EXP.GNFS.ZS,28.0985775804599
WLD,World,2017,NE.IMP.GNFS.ZS,27.3381383143691
WLD,World,2018,NE.TRD.GNFS.ZS,57.1241197323954
WLD,World,2018,NY.GDP.MKTP.CD,87050964956078.4
WLD,World,2018,NE.EXP.GNFS.ZS,28.9645549515477
WLD,World,2018,NE.IMP.GNFS.ZS,28.2774669093542
WLD,World,2019,NE.TRD.GNFS.ZS,55.9091127292441
WLD,World,2019,NY.GDP.MKTP.CD,88483262418196.7
WLD,World,2019,NE.EXP.GNFS.ZS,28.0286411061976
WLD,World,2019,NE.IMP.GNFS.ZS,27.4573480534735
WLD,World,2020,NE.TRD.GNFS.ZS,51.9733628554011
WLD,World,2020,NY.GDP.MKTP.CD,85912761035231.2
WLD,World,2020,NE.EXP.GNFS.ZS,26.1424382751072
WLD,World,2020,NE.IMP.GNFS.ZS,25.4588107112081
WLD,World,2021,NE.TRD.GNFS.ZS,56.7104814151821
WLD,World,2021,NY.GDP.MKTP.CD,98140475264975.8
WLD,World,2021,NE.EXP.GNFS.ZS,28.6484687009845
WLD,World,2021,NE.IMP.GNFS.ZS,27.6533450644797
WLD,World,2022,NE.TRD.GNFS.ZS,62.4216664720525
WLD,World,2022,NY.GDP.MKTP.CD,102251524725531
WLD,World,2022,NE.EXP.GNFS.ZS,30.8924313316351
WLD,World,2022,NE.IMP.GNFS.ZS,30.121159893837
WLD,World,2023,NE.TRD.GNFS.ZS,58.1981732430475
WLD,World,2023,NY.GDP.MKTP.CD,106741647821064
WLD,World,2023,NE.EXP.GNFS.ZS,29.1526088861702
WLD,World,2023,NE.IMP.GNFS.ZS,28.3739807661794
WLD,World,2024,NE.TRD.GNFS.ZS,56.7581439140522
WLD,World,2024,NY.GDP.MKTP.CD,110982661180013
WLD,World,2024,NE.EXP.GNFS.ZS,29.1076344499062
WLD,World,2024,NE.IMP.GNFS.ZS,28.1833683199401
